"Character","Realm","Season","Group","Name","Type","Synergy","Combine","Rarity","Level","ATK","DEF","MAG","RES","MND","ACC","EVA","Effect","Random Passive Effects","Brar","Blv","Batk","Bdef","Bmag","Bres","Bmnd","Bacc","Beva","Mrar","Mlv","Matk","Mdef","Mmag","Mres","Mmnd","Macc","Meva","ID","GL"
"Wedge","Core","1","B","Crescent Knife","Dagger","","","101","50","258","0","258","0","0","95","0","Hand of Vengeance 5 | Prismatic damage +20%","Wind +1/2/3/4/5% Boost | Quick Cast 3/4/5% | Grants [MAG +10% (8s)]/[MAG +20% (8s)]/[MAG +30% (8s)] at the beginning of the battle","101","50","165","","165","","","95","","S","99","350","","350","","","95","","21301214",""
"Wedge","Core","1","B","Wedge's Hat","Hat","","","101","50","49","101","49","143","0","0","105","Empower Healing 5% | Prismatic damage +20%","Wind Ability +1/2/3/4/5% Boost | Grants [20% Damage Reduction Barrier 1 Follow-Up]/[30% Damage Reduction Barrier 1 Follow-Up]/[40% Damage Reduction Barrier 1 Follow-Up] at the beginning of the battle | Grants [RES +10% (8s)]/[RES +20% (8s)]/[RES +30% (8s)] at the beginning of the battle","101","50","36","61","36","76","","","105","S","99","62","140","62","210","","","105","22351169",""
"Wedge","Core","1","B","Wedge's Scarf","Accessory","","","101","1","0","0","0","0","0","0","0","HP +500 | Prismatic resistance (moderate)","Quick Cast 4/5/6/7/8%","101","1","","","","","","","","S","1","","","","","","","","23380644",""
"Master","I","2","A","Buster Knuckles","Fist","","","101","50","266","0","0","0","0","95","0","Deadly Strikes 5 | Prismatic damage +20%","Fire/Lightning/Earth +1/2/3/4/5% Boost | Quick Cast 3/4/5% | Grants [ATK +10% (8s)]/[ATK +20% (8s)]/[ATK +30% (8s)] at the beginning of the battle","101","50","172","","","","","95","","S","99","360","","","","","95","","21307218",""
"Master","I","2","A","Chikara Dasuki","Light Armor","","","101","50","49","122","0","122","0","0","100","Precise Strikes 5 | Prismatic damage +20%","Fire/Lightning/Earth Ability +1/2/3/4/5% Boost | Grants [20% Damage Reduction Barrier 1 Follow-Up]/[30% Damage Reduction Barrier 1 Follow-Up]/[40% Damage Reduction Barrier 1 Follow-Up] at the beginning of the battle | Grants [DEF +10% (8s)]/[DEF +20% (8s)]/[DEF +30% (8s)] at the beginning of the battle","101","50","36","50","","50","","","100","S","99","62","194","","194","","","100","22353257",""
"Master","I","2","A","Golden Apple","Accessory","","","101","1","0","0","0","0","0","0","0","HP +500 | Prismatic resistance (moderate)","Quick Cast 4/5/6/7/8%","101","1","","","","","","","","S","1","","","","","","","","23380621",""
"Matoya","I","2","A","Matoya's Broom","Staff","","","101","50","0","0","258","0","129","95","0","Hand of Vengeance 5 | Prismatic damage +20%","Fire/Ice/Lightning +1/2/3/4/5% Boost | Quick Cast 3/4/5% | Grants [MAG +10% (8s)]/[MAG +20% (8s)]/[MAG +30% (8s)] at the beginning of the battle","101","50","","","165","","83","95","","S","99","","","350","","175","95","","21309081",""
"Matoya","I","2","A","Matoya's Robe","Robe","","","101","50","0","100","39","163","39","0","105","Empower Healing 5% | Prismatic damage +20%","Fire/Ice/Lightning Ability +1/2/3/4/5% Boost | Grants [20% Damage Reduction Barrier 1 Follow-Up]/[30% Damage Reduction Barrier 1 Follow-Up]/[40% Damage Reduction Barrier 1 Follow-Up] at the beginning of the battle | Grants [RES +10% (8s)]/[RES +20% (8s)]/[RES +30% (8s)] at the beginning of the battle","101","50","","45","26","93","26","","105","S","99","","155","52","233","52","","105","22355089",""
"Matoya","I","2","A","Bekkoame","Accessory","","","101","1","0","0","0","0","0","0","0","HP +500 | Prismatic resistance (moderate)","Quick Cast 4/5/6/7/8%","101","1","","","","","","","","S","1","","","","","","","","23380587",""
"Meia","I","2","B","Svetovid","Rod","","","101","50","0","0","258","0","0","95","0","Hand of Vengeance 5 | Prismatic damage +20%","Water +1/2/3/4/5% Boost | Quick Cast 3/4/5% | Grants [MAG +10% (8s)]/[MAG +20% (8s)]/[MAG +30% (8s)] at the beginning of the battle","101","50","","","165","","","95","","S","99","","","350","","","95","","21308228",""
"Meia","I","2","B","Vesna Krasna","Light Armor","","","101","50","0","122","49","122","0","0","0","Empower Healing 5% | Prismatic damage +20%","Water Ability +1/2/3/4/5% Boost | Grants [20% Damage Reduction Barrier 1 Follow-Up]/[30% Damage Reduction Barrier 1 Follow-Up]/[40% Damage Reduction Barrier 1 Follow-Up] at the beginning of the battle | Grants [RES +10% (8s)]/[RES +20% (8s)]/[RES +30% (8s)] at the beginning of the battle","101","50","","50","36","50","","","","S","99","","194","62","194","","","","22353268",""
"Meia","I","2","B","Angel Ring","Accessory","","","101","1","0","0","0","0","0","0","0","HP +500 | Prismatic resistance (moderate)","Quick Cast 4/5/6/7/8%","101","1","","","","","","","","S","1","","","","","","","","23380285",""
"Guy","II","1","A","Gigant Axe","Axe","","","101","50","266","0","0","0","0","95","0","Deadly Strikes 5 | Prismatic damage +20%","Earth +1/2/3/4/5% Boost | Quick Cast 3/4/5% | Grants [ATK +10% (8s)]/[ATK +20% (8s)]/[ATK +30% (8s)] at the beginning of the battle","101","50","172","","","","","95","","S","99","360","","","","","95","","21304031","✓"
"Guy","II","1","A","Guy's Helm","Helm","","","101","50","49","126","0","115","0","0","105","Precise Strikes 5 | Prismatic damage +20%","Earth Ability +1/2/3/4/5% Boost | Grants [20% Damage Reduction Barrier 1 Follow-Up]/[30% Damage Reduction Barrier 1 Follow-Up]/[40% Damage Reduction Barrier 1 Follow-Up] at the beginning of the battle | Grants [DEF +10% (8s)]/[DEF +20% (8s)]/[DEF +30% (8s)] at the beginning of the battle","101","50","36","57","","57","","","105","S","99","62","195","","173","","","105","22352072","✓"
"Guy","II","1","A","Sunfire","Accessory","","","101","1","0","0","0","0","0","0","0","HP +500 | Prismatic resistance (moderate)","Quick Cast 4/5/6/7/8%","101","1","","","","","","","","S","1","","","","","","","","23380380","✓"
"Emperor","II","1","A","Demon's Rod","Rod","","","101","50","0","0","258","0","0","95","0","Hand of Vengeance 5 | Prismatic damage +20%","Earth/Wind/Dark +1/2/3/4/5% Boost | Quick Cast 3/4/5% | Grants [MAG +10% (8s)]/[MAG +20% (8s)]/[MAG +30% (8s)] at the beginning of the battle","101","50","","","165","","","95","","S","99","","","350","","","95","","21308134","✓"
"Emperor","II","1","A","Imperial Shell","Light Armor","","","101","50","0","122","49","122","0","0","100","Empower Healing 5% | Prismatic damage +20%","Earth/Wind/Dark Ability +1/2/3/4/5% Boost | Grants [20% Damage Reduction Barrier 1 Follow-Up]/[30% Damage Reduction Barrier 1 Follow-Up]/[40% Damage Reduction Barrier 1 Follow-Up] at the beginning of the battle | Grants [RES +10% (8s)]/[RES +20% (8s)]/[RES +30% (8s)] at the beginning of the battle","101","50","","50","36","50","","","100","S","99","","194","62","194","","","100","22353221","✓"
"Emperor","II","1","A","Emperor's Ring","Accessory","","","101","1","0","0","0","0","0","0","0","HP +500 | Prismatic resistance (moderate)","Quick Cast 4/5/6/7/8%","101","1","","","","","","","","S","1","","","","","","","","23380556","✓"
"Firion","II","1","C","Crimson Sword","Sword","","","101","50","266","0","0","0","0","95","0","Deadly Strikes 5 | Prismatic damage +20%","Fire/Ice/Holy +1/2/3/4/5% Boost | Quick Cast 3/4/5% | Grants [ATK +10% (8s)]/[ATK +20% (8s)]/[ATK +30% (8s)] at the beginning of the battle","101","50","172","","","","","95","","S","99","360","","","","","95","","21302349",""
"Firion","II","1","C","Firion's Bandana","Hat","","","101","50","49","101","0","143","0","0","105","Precise Strikes 5 | Prismatic damage +20%","Fire/Ice/Holy Ability +1/2/3/4/5% Boost | Grants [20% Damage Reduction Barrier 1 Follow-Up]/[30% Damage Reduction Barrier 1 Follow-Up]/[40% Damage Reduction Barrier 1 Follow-Up] at the beginning of the battle | Grants [DEF +10% (8s)]/[DEF +20% (8s)]/[DEF +30% (8s)] at the beginning of the battle","101","50","36","61","","76","","","105","S","99","62","140","","210","","","105","22351158",""
"Firion","II","1","C","Firion's Earring","Accessory","","","101","1","0","0","0","0","0","0","0","HP +500 | Prismatic resistance (moderate)","Quick Cast 4/5/6/7/8%","101","1","","","","","","","","S","1","","","","","","","","23380295",""
"Leila","II","2","B","Dancing Dagger","Dagger","","","101","50","266","0","0","0","0","95","0","Deadly Strikes 5 | Prismatic damage +20%","Water/Poison +1/2/3/4/5% Boost | Quick Cast 3/4/5% | Grants [ATK +10% (8s)]/[ATK +20% (8s)]/[ATK +30% (8s)] at the beginning of the battle","101","50","172","","","","","95","","S","99","360","","","","","95","","21301078",""
"Leila","II","2","B","Leila's Guise","Light Armor","","","101","50","49","122","0","122","0","0","0","Precise Strikes 5 | Prismatic damage +20%","Water/Poison Ability +1/2/3/4/5% Boost | Grants [20% Damage Reduction Barrier 1 Follow-Up]/[30% Damage Reduction Barrier 1 Follow-Up]/[40% Damage Reduction Barrier 1 Follow-Up] at the beginning of the battle | Grants [DEF +10% (8s)]/[DEF +20% (8s)]/[DEF +30% (8s)] at the beginning of the battle","101","50","36","50","","50","","","","S","99","62","194","","194","","","","22353378",""
"Leila","II","2","B","Leila's Necklace","Accessory","","","101","1","0","0","0","0","0","0","0","HP +500 | Prismatic resistance (moderate)","Quick Cast 4/5/6/7/8%","101","1","","","","","","","","S","1","","","","","","","","23380408",""
"Aria","III","2","B","Loki's Lyre","Instrument","","","101","50","0","0","129","0","258","95","0","Hand of Vengeance 5 | Prismatic damage +20%","WHT Heals +1/2/3/4/5% | Quick Cast 3/4/5% |  | Grants [MND +10% (8s)]/[MND +20% (8s)]/[MND +30% (8s)] at the beginning of the battle","101","50","","","83","","165","95","","S","99","","","175","","350","95","","21311058",""
"Aria","III","2","B","Aria's Dress","Light Armor","","","101","50","0","122","0","122","49","0","0","Empower Healing 5% | Prismatic damage +20%","White Magic +1/2/3/4/5% Boost | Grants [20% Damage Reduction Barrier 1 Follow-Up]/[30% Damage Reduction Barrier 1 Follow-Up]/[40% Damage Reduction Barrier 1 Follow-Up] at the beginning of the battle | Grants [RES +10% (8s)]/[RES +20% (8s)]/[RES +30% (8s)] at the beginning of the battle","101","50","","50","","50","36","","","S","99","","194","","194","62","","","22353224",""
"Aria","III","2","B","Aria's Ribbon","Accessory","","","101","1","0","0","0","0","0","0","0","HP +500 | Prismatic resistance (moderate)","Quick Cast 4/5/6/7/8%","101","1","","","","","","","","S","1","","","","","","","","23380358",""
"Tellah","IV","1","A","Stardust Rod","Rod","","","101","50","0","0","258","0","0","95","0","Hand of Vengeance 5 | Prismatic damage +20%","Earth +1/2/3/4/5% Boost | Quick Cast 3/4/5% | Grants [MAG +10% (8s)]/[MAG +20% (8s)]/[MAG +30% (8s)] at the beginning of the battle","101","50","","","165","","","95","","S","99","","","350","","","95","","21308082","✓"
"Tellah","IV","1","A","Tellah's Robe","Robe","","","101","50","0","100","49","163","0","0","105","Empower Healing 5% | Prismatic damage +20%","Earth Ability +1/2/3/4/5% Boost | Grants [20% Damage Reduction Barrier 1 Follow-Up]/[30% Damage Reduction Barrier 1 Follow-Up]/[40% Damage Reduction Barrier 1 Follow-Up] at the beginning of the battle | Grants [RES +10% (8s)]/[RES +20% (8s)]/[RES +30% (8s)] at the beginning of the battle","101","50","","45","36","93","","","105","S","99","","155","62","233","","","105","22355123","✓"
"Tellah","IV","1","A","Tellah's Glasses","Accessory","","","101","1","0","0","0","0","0","0","0","HP +500 | Prismatic resistance (moderate)","Quick Cast 4/5/6/7/8%","101","1","","","","","","","","S","1","","","","","","","","23380612","✓"
"Palom","IV","1","C","Asura's Rod","Rod","","","101","50","0","0","258","0","0","95","0","Hand of Vengeance 5 | Prismatic damage +20%","Fire/Ice/Lightning +1/2/3/4/5% Boost | Quick Cast 3/4/5% | Grants [MAG +10% (8s)]/[MAG +20% (8s)]/[MAG +30% (8s)] at the beginning of the battle","101","50","","","165","","","95","","S","99","","","350","","","95","","21308104",""
"Palom","IV","1","C","Sage's Robe","Robe","","","101","50","0","100","49","163","0","0","105","Empower Healing 5% | Prismatic damage +20%","Fire/Ice/Lightning Ability +1/2/3/4/5% Boost | Grants [20% Damage Reduction Barrier 1 Follow-Up]/[30% Damage Reduction Barrier 1 Follow-Up]/[40% Damage Reduction Barrier 1 Follow-Up] at the beginning of the battle | Grants [RES +10% (8s)]/[RES +20% (8s)]/[RES +30% (8s)] at the beginning of the battle","101","50","","45","36","93","","","105","S","99","","155","62","233","","","105","22355035",""
"Palom","IV","1","C","Black Mage Twin Stars","Accessory","","","101","1","0","0","0","0","0","0","0","HP +500 | Prismatic resistance (moderate)","Quick Cast 4/5/6/7/8%","101","1","","","","","","","","S","1","","","","","","","","23380202",""
"Rosa","IV","1","D","Artemis Bow","Bow","","","101","50","0","0","134","0","258","95","0","Empower Healing 5% | Prismatic damage +20%","WHT Heals +1/2/3/4/5% | Quick Cast 3/4/5% |  | Grants [MND +10% (8s)]/[MND +20% (8s)]/[MND +30% (8s)] at the beginning of the battle","101","50","","","93","","165","95","","S","99","","","175","","350","95","","21310027",""
"Rosa","IV","1","D","Rosa's Guise","Light Armor","","","101","50","0","122","0","122","49","0","100","Max HP +5% | Prismatic damage +20%","White Magic +1/2/3/4/5% Boost | Grants [20% Damage Reduction Barrier 1 Follow-Up]/[30% Damage Reduction Barrier 1 Follow-Up]/[40% Damage Reduction Barrier 1 Follow-Up] at the beginning of the battle | Grants [RES +10% (8s)]/[RES +20% (8s)]/[RES +30% (8s)] at the beginning of the battle","101","50","","50","","50","36","","100","S","99","","194","","194","62","","100","22353231",""
"Rosa","IV","1","D","Rosa's Circlet","Accessory","","","101","1","0","0","0","0","0","0","0","HP +500 | Prismatic resistance (moderate)","Quick Cast 4/5/6/7/8%","101","1","","","","","","","","S","1","","","","","","","","23380240",""
"Edward","IV","1","D","Lute","Instrument","","","101","50","258","0","258","0","0","95","0","Empower Healing 5% | Prismatic damage +20%","Holy +1/2/3/4/5% Boost | Quick Cast 3/4/5% | Grants [MAG +10% (8s)]/[MAG +20% (8s)]/[MAG +30% (8s)] at the beginning of the battle","101","50","165","","165","","","95","","S","99","350","","350","","","95","","21311073",""
"Edward","IV","1","D","Edward's Hat","Hat","","","101","50","49","101","49","143","0","0","105","Max HP +5% | Prismatic damage +20%","Holy Ability +1/2/3/4/5% Boost | Grants [20% Damage Reduction Barrier 1 Follow-Up]/[30% Damage Reduction Barrier 1 Follow-Up]/[40% Damage Reduction Barrier 1 Follow-Up] at the beginning of the battle | Grants [RES +10% (8s)]/[RES +20% (8s)]/[RES +30% (8s)] at the beginning of the battle","101","50","36","61","36","76","","","105","S","99","62","140","62","210","","","105","22351237",""
"Edward","IV","1","D","Sand Pearl","Accessory","","","101","1","0","0","0","0","0","0","0","HP +500 | Prismatic resistance (moderate)","Quick Cast 4/5/6/7/8%","101","1","","","","","","","","S","1","","","","","","","","23380061",""
"Yang","IV","1","D","Faerie Claws","Fist","","","101","50","266","0","0","0","0","95","0","Deadly Strikes 5 | Prismatic damage +20%","Earth +1/2/3/4/5% Boost | Quick Cast 3/4/5% | Grants [ATK +10% (8s)]/[ATK +20% (8s)]/[ATK +30% (8s)] at the beginning of the battle","101","50","172","","","","","95","","S","99","360","","","","","95","","21307021",""
"Yang","IV","1","D","Yang's Dogi","Light Armor","","","101","50","49","122","0","122","0","0","100","Precise Strike 5 | Prismatic damage +20%","Earth Ability +1/2/3/4/5% Boost | Grants [20% Damage Reduction Barrier 1 Follow-Up]/[30% Damage Reduction Barrier 1 Follow-Up]/[40% Damage Reduction Barrier 1 Follow-Up] at the beginning of the battle | Grants [DEF +10% (8s)]/[DEF +20% (8s)]/[DEF +30% (8s)] at the beginning of the battle","101","50","36","50","","50","","","100","S","99","62","194","","194","","","100","22353316",""
"Yang","IV","1","D","Yang's Frying Pan","Accessory","","","101","1","0","0","0","0","0","0","0","HP +500 | Prismatic resistance (moderate)","Quick Cast 4/5/6/7/8%","101","1","","","","","","","","S","1","","","","","","","","23380343",""
"Porom","IV","1","D","Nirvana","Staff","","","101","50","0","0","134","0","258","95","0","Empower Healing 5% | Prismatic damage +20%","WHT Heals +1/2/3/4/5% | Quick Cast 3/4/5% |  | Grants [MND +10% (8s)]/[MND +20% (8s)]/[MND +30% (8s)] at the beginning of the battle","101","50","","","93","","165","95","","S","99","","","175","","350","95","","21309042",""
"Porom","IV","1","D","Cat-Ear Hood","Hat","","","101","50","0","101","0","143","60","0","105","Max HP +5% | Prismatic damage +20%","White Magic +1/2/3/4/5% Boost | Grants [20% Damage Reduction Barrier 1 Follow-Up]/[30% Damage Reduction Barrier 1 Follow-Up]/[40% Damage Reduction Barrier 1 Follow-Up] at the beginning of the battle | Grants [RES +10% (8s)]/[RES +20% (8s)]/[RES +30% (8s)] at the beginning of the battle","101","50","","61","","76","49","","105","S","99","","140","","210","70","","105","22351083",""
"Porom","IV","1","D","White Mage Twin Stars","Accessory","","","101","1","0","0","0","0","0","0","0","HP +500 | Prismatic resistance (moderate)","Quick Cast 4/5/6/7/8%","101","1","","","","","","","","S","1","","","","","","","","23380374",""
"Fusoya","IV","1","D","Wave Wand","Staff","","","101","50","0","0","258","0","258","95","0","Hand of Vengeance 5 | Prismatic damage +20%","Holy +1/2/3/4/5% Boost | Quick Cast 3/4/5% | Grants [MND +10% (8s)]/[MND +20% (8s)]/[MND +30% (8s)] at the beginning of the battle","101","50","","","165","","165","95","","S","99","","","350","","350","95","","21309015",""
"Fusoya","IV","1","D","Fusoya's Robes","Robe","","","101","50","0","100","39","163","39","0","105","Empower Healing 5% | Prismatic damage +20%","Holy Ability +1/2/3/4/5% Boost | Grants [20% Damage Reduction Barrier 1 Follow-Up]/[30% Damage Reduction Barrier 1 Follow-Up]/[40% Damage Reduction Barrier 1 Follow-Up] at the beginning of the battle | Grants [RES +10% (8s)]/[RES +20% (8s)]/[RES +30% (8s)] at the beginning of the battle","101","50","","45","26","93","26","","105","S","99","","155","52","233","52","","105","22355043",""
"Fusoya","IV","1","D","Alarm Clock","Accessory","","","101","1","0","0","0","0","0","0","0","HP +500 | Prismatic resistance (moderate)","Quick Cast 4/5/6/7/8%","101","1","","","","","","","","S","1","","","","","","","","23380060",""
"Golbez","IV","1","D","Zeromus Shard","Rod","","","101","50","0","0","258","0","0","95","0","Hand of Vengeance 5 | Prismatic damage +20%","Dark +1/2/3/4/5% Boost | Quick Cast 3/4/5% | Grants [MAG +10% (8s)]/[MAG +20% (8s)]/[MAG +30% (8s)] at the beginning of the battle","101","50","","","165","","","95","","S","99","","","350","","","95","","21308109",""
"Golbez","IV","1","D","Golbez's Bascinet","Helm","","","101","50","0","126","49","115","0","0","105","Empower Healing 5% | Prismatic damage +20%","Dark Ability +1/2/3/4/5% Boost | Grants [20% Damage Reduction Barrier 1 Follow-Up]/[30% Damage Reduction Barrier 1 Follow-Up]/[40% Damage Reduction Barrier 1 Follow-Up] at the beginning of the battle | Grants [RES +10% (8s)]/[RES +20% (8s)]/[RES +30% (8s)] at the beginning of the battle","101","50","","57","36","57","","","105","S","99","","195","62","173","","","105","22352041",""
"Golbez","IV","1","D","Golbez's Bracelet","Accessory","","","101","1","0","0","0","0","0","0","0","HP +500 | Prismatic resistance (moderate)","Quick Cast 4/5/6/7/8%","101","1","","","","","","","","S","1","","","","","","","","23380633",""
"Cid (IV)","IV","1","D","Flare Sledgehammer","Hammer","","","101","50","266","0","0","0","0","95","0","Deadly Strikes 5 | Prismatic damage +20%","Lightning +1/2/3/4/5% Boost | Quick Cast 3/4/5% | Grants [ATK +10% (8s)]/[ATK +20% (8s)]/[ATK +30% (8s)] at the beginning of the battle","101","50","172","","","","","95","","S","99","360","","","","","95","","21305023",""
"Cid (IV)","IV","1","D","Cid's Mask","Hat","","","101","50","49","101","0","143","0","0","105","Precise Strike 5 | Prismatic damage +20%","Lightning Ability +1/2/3/4/5% Boost | Grants [20% Damage Reduction Barrier 1 Follow-Up]/[30% Damage Reduction Barrier 1 Follow-Up]/[40% Damage Reduction Barrier 1 Follow-Up] at the beginning of the battle | Grants [DEF +10% (8s)]/[DEF +20% (8s)]/[DEF +30% (8s)] at the beginning of the battle","101","50","36","61","","76","","","105","S","99","62","140","","210","","","105","22351094",""
"Cid (IV)","IV","1","D","Cid's Boots","Accessory","","","101","1","0","0","0","0","0","0","0","HP +500 | Prismatic resistance (moderate)","Quick Cast 4/5/6/7/8%","101","1","","","","","","","","S","1","","","","","","","","23380288",""
"Ceodore","IV","1","D","Ceodore's Sword","Sword","","","101","50","266","0","0","0","0","95","0","Deadly Strikes 5 | Prismatic damage +20%","Holy +1/2/3/4/5% Boost | Quick Cast 3/4/5% | Grants [ATK +10% (8s)]/[ATK +20% (8s)]/[ATK +30% (8s)] at the beginning of the battle","101","50","172","","","","","95","","S","99","360","","","","","95","","21302292",""
"Ceodore","IV","1","D","Ceodore's Guise","Heavy Armor","","","101","50","49","165","0","115","0","0","105","Precise Strike 5 | Prismatic damage +20%","Holy Ability +1/2/3/4/5% Boost | Grants [20% Damage Reduction Barrier 1 Follow-Up]/[30% Damage Reduction Barrier 1 Follow-Up]/[40% Damage Reduction Barrier 1 Follow-Up] at the beginning of the battle | Grants [DEF +10% (8s)]/[DEF +20% (8s)]/[DEF +30% (8s)] at the beginning of the battle","101","50","36","96","","75","","","105","S","99","62","233","","155","","","105","22354088",""
"Ceodore","IV","1","D","Defense Ring","Accessory","","","101","1","0","0","0","0","0","0","0","HP +500 | Prismatic resistance (moderate)","Quick Cast 4/5/6/7/8%","101","1","","","","","","","","S","1","","","","","","","","23380282",""
"Rubicante","IV","1","D","Rubicante's Gloves","Fist","","","101","50","0","0","258","0","0","95","0","Hand of Vengeance 5 | Prismatic damage +20%","Fire +1/2/3/4/5% Boost | Quick Cast 3/4/5% | Grants [MAG +10% (8s)]/[MAG +20% (8s)]/[MAG +30% (8s)] at the beginning of the battle","101","50","","","165","","","95","","S","99","","","350","","","95","","21307104",""
"Rubicante","IV","1","D","Flame Scarf","Light Armor","","","101","50","0","122","49","122","0","0","100","Empower Healing 5% | Prismatic damage +20%","Fire Ability +1/2/3/4/5% Boost | Grants [20% Damage Reduction Barrier 1 Follow-Up]/[30% Damage Reduction Barrier 1 Follow-Up]/[40% Damage Reduction Barrier 1 Follow-Up] at the beginning of the battle | Grants [RES +10% (8s)]/[RES +20% (8s)]/[RES +30% (8s)] at the beginning of the battle","101","50","","50","36","50","","","100","S","99","","194","62","194","","","100","22353457",""
"Rubicante","IV","1","D","Flame Cloak","Accessory","","","101","1","0","0","0","0","0","0","0","HP +500 | Prismatic resistance (moderate)","Quick Cast 4/5/6/7/8%","101","1","","","","","","","","S","1","","","","","","","","23380139",""
"Bartz","V","1","B","Excalibur","Sword","","","101","50","266","0","0","0","0","95","0","Deadly Strikes 5 | Prismatic damage +20%","Fire/Earth/Wind/Water +1/2/3/4/5% Boost | Quick Cast 3/4/5% | Grants [ATK +10% (8s)]/[ATK +20% (8s)]/[ATK +30% (8s)] at the beginning of the battle","101","50","172","","","","","95","","S","99","360","","","","","95","","21302062",""
"Bartz","V","1","B","Freelancer Bartz's Guise","Light Armor","","","101","50","49","122","0","122","0","0","100","Precise Strike 5 | Prismatic damage +20%","Fire/Earth/Wind/Water Ability +1/2/3/4/5% Boost | Grants [20% Damage Reduction Barrier 1 Follow-Up]/[30% Damage Reduction Barrier 1 Follow-Up]/[40% Damage Reduction Barrier 1 Follow-Up] at the beginning of the battle | Grants [DEF +10% (8s)]/[DEF +20% (8s)]/[DEF +30% (8s)] at the beginning of the battle","101","50","36","50","","50","","","100","S","99","62","194","","194","","","100","22353333",""
"Bartz","V","1","B","Memento Bag","Accessory","","","101","1","0","0","0","0","0","0","0","HP +500 | Prismatic resistance (moderate)","Quick Cast 4/5/6/7/8%","101","1","","","","","","","","S","1","","","","","","","","23380491",""
"Xezat","V","1","C","Xezat's Blade","Sword","","","101","50","266","0","0","0","0","95","0","Deadly Strikes 5 | Prismatic damage +20%","Ice/Earth/Wind +1/2/3/4/5% Boost | Quick Cast 3/4/5% | Grants [ATK +10% (8s)]/[ATK +20% (8s)]/[ATK +30% (8s)] at the beginning of the battle","101","50","172","","","","","95","","S","99","360","","","","","95","","21302298",""
"Xezat","V","1","C","Xezat's Cloak","Light Armor","","","101","50","49","122","0","122","0","0","100","Precise Strike 5 | Prismatic damage +20%","Ice/Earth/Wind Ability +1/2/3/4/5% Boost | Grants [20% Damage Reduction Barrier 1 Follow-Up]/[30% Damage Reduction Barrier 1 Follow-Up]/[40% Damage Reduction Barrier 1 Follow-Up] at the beginning of the battle | Grants [DEF +10% (8s)]/[DEF +20% (8s)]/[DEF +30% (8s)] at the beginning of the battle","101","50","36","50","","50","","","100","S","99","62","194","","194","","","100","22353305",""
"Xezat","V","1","C","Whisperweed","Accessory","","","101","1","0","0","0","0","0","0","0","HP +500 | Prismatic resistance (moderate)","Quick Cast 4/5/6/7/8%","101","1","","","","","","","","S","1","","","","","","","","23380346",""
"Gau","VI","1","B","Gauntlet","Fist","","","101","50","266","0","0","0","0","95","0","Deadly Strikes 5 | Prismatic damage +20%","Wind/Lightning +1/2/3/4/5% Boost | Quick Cast 3/4/5% | Grants [ATK +10% (8s)]/[ATK +20% (8s)]/[ATK +30% (8s)] at the beginning of the battle","101","50","172","","","","","95","","S","99","360","","","","","95","","21307061",""
"Gau","VI","1","B","Gau's Guise","Light Armor","","","101","50","49","122","0","122","0","0","100","Precise Strike 5 | Prismatic damage +20%","Wind/Lightning Ability +1/2/3/4/5% Boost | Grants [20% Damage Reduction Barrier 1 Follow-Up]/[30% Damage Reduction Barrier 1 Follow-Up]/[40% Damage Reduction Barrier 1 Follow-Up] at the beginning of the battle | Grants [DEF +10% (8s)]/[DEF +20% (8s)]/[DEF +30% (8s)] at the beginning of the battle","101","50","36","50","","50","","","100","S","99","62","194","","194","","","100","22353346",""
"Gau","VI","1","B","Master's Scroll","Accessory","","","101","1","0","0","0","0","0","0","0","HP +500 | Prismatic resistance (moderate)","Quick Cast 4/5/6/7/8%","101","1","","","","","","","","S","1","","","","","","","","23380442",""
"Umaro","VI","1","C","Bone Club","Hammer","","","101","50","266","0","0","0","0","95","0","Deadly Strikes 5 | Prismatic damage +20%","Ice +1/2/3/4/5% Boost | Quick Cast 3/4/5% | Grants [ATK +10% (8s)]/[ATK +20% (8s)]/[ATK +30% (8s)] at the beginning of the battle","101","50","172","","","","","95","","S","99","360","","","","","95","","21305014",""
"Umaro","VI","1","C","Snow Scarf","Light Armor","","","101","50","49","122","0","122","0","0","100","Precise Strike 5 | Prismatic damage +20%","Ice Ability +1/2/3/4/5% Boost | Grants [20% Damage Reduction Barrier 1 Follow-Up]/[30% Damage Reduction Barrier 1 Follow-Up]/[40% Damage Reduction Barrier 1 Follow-Up] at the beginning of the battle | Grants [DEF +10% (8s)]/[DEF +20% (8s)]/[DEF +30% (8s)] at the beginning of the battle","101","50","36","50","","50","","","100","S","99","62","194","","194","","","100","22353201",""
"Umaro","VI","1","C","Berserker Ring","Accessory","","","101","1","0","0","0","0","0","0","0","HP +500 | Prismatic resistance (moderate)","Quick Cast 4/5/6/7/8%","101","1","","","","","","","","S","1","","","","","","","","23380379",""
"Locke","VI","2","A","Thief's Knife","Dagger","","","101","50","266","0","0","0","0","95","0","Deadly Strikes 5 | Prismatic damage +20%","Fire +1/2/3/4/5% Boost | Quick Cast 3/4/5% | Grants [ATK +10% (8s)]/[ATK +20% (8s)]/[ATK +30% (8s)] at the beginning of the battle","101","50","172","","","","","95","","S","99","360","","","","","95","","21301083",""
"Locke","VI","2","A","Locke's Jacket","Light Armor","","","101","50","49","122","0","122","0","0","100","Precise Strike 5 | Prismatic damage +20%","Fire Ability +1/2/3/4/5% Boost | Grants [20% Damage Reduction Barrier 1 Follow-Up]/[30% Damage Reduction Barrier 1 Follow-Up]/[40% Damage Reduction Barrier 1 Follow-Up] at the beginning of the battle | Grants [DEF +10% (8s)]/[DEF +20% (8s)]/[DEF +30% (8s)] at the beginning of the battle","101","50","36","50","","50","","","100","S","99","62","194","","194","","","100","22353116",""
"Locke","VI","2","A","Locke's Bandana","Accessory","","","101","1","0","0","0","0","0","0","0","HP +500 | Prismatic resistance (moderate)","Quick Cast 4/5/6/7/8%","101","1","","","","","","","","S","1","","","","","","","","23380236",""
"Cyan","VI","2","A","Zanma Sword","Katana","","","101","50","266","0","0","0","0","95","0","Deadly Strikes 5 | Prismatic damage +20%","Fire +1/2/3/4/5% Boost | Quick Cast 3/4/5% | Grants [ATK +10% (8s)]/[ATK +20% (8s)]/[ATK +30% (8s)] at the beginning of the battle","101","50","172","","","","","95","","S","99","360","","","","","95","","21303102",""
"Cyan","VI","2","A","Cyan's Bracer","Bracer","","","101","50","70","117","0","100","0","0","105","Precise Strike 5 | Prismatic damage +20%","Fire Ability +1/2/3/4/5% Boost | Grants [20% Damage Reduction Barrier 1 Follow-Up]/[30% Damage Reduction Barrier 1 Follow-Up]/[40% Damage Reduction Barrier 1 Follow-Up] at the beginning of the battle | Grants [DEF +10% (8s)]/[DEF +20% (8s)]/[DEF +30% (8s)] at the beginning of the battle","101","50","61","79","","45","","","105","S","99","79","155","","155","","","105","22356131",""
"Cyan","VI","2","A","Cyan's Hairtie","Accessory","","","101","1","0","0","0","0","0","0","0","HP +500 | Prismatic resistance (moderate)","Quick Cast 4/5/6/7/8%","101","1","","","","","","","","S","1","","","","","","","","23380528",""
"Tifa","VII","1","A","Premium Heart","Fist","","","101","50","266","0","0","0","0","95","0","Deadly Strikes 5 | Prismatic damage +20%","Earth +1/2/3/4/5% Boost | Quick Cast 3/4/5% | Grants [ATK +10% (8s)]/[ATK +20% (8s)]/[ATK +30% (8s)] at the beginning of the battle","101","50","172","","","","","95","","S","99","360","","","","","95","","10700300","✓"
"Tifa","VII","1","A","Tifa's Gloves","Light Armor","","","101","50","70","117","0","100","0","0","105","Precise Strike 5 | Prismatic damage +20%","Earth Ability +1/2/3/4/5% Boost | Grants [20% Damage Reduction Barrier 1 Follow-Up]/[30% Damage Reduction Barrier 1 Follow-Up]/[40% Damage Reduction Barrier 1 Follow-Up] at the beginning of the battle | Grants [DEF +10% (8s)]/[DEF +20% (8s)]/[DEF +30% (8s)] at the beginning of the battle","101","50","61","79","","45","","","105","S","99","79","155","","155","","","105","22356055","✓"
"Tifa","VII","1","A","Tifa's Earrings","Accessory","","","101","1","0","0","0","0","0","0","0","HP +500 | Prismatic resistance (moderate)","Quick Cast 4/5/6/7/8%","101","1","","","","","","","","S","1","","","","","","","","23380150","✓"
"Red XIII","VII","1","A","Limited Moon","Hairpin","","","101","50","0","0","258","0","0","95","0","Hand of Vengeance 5 | Prismatic damage +20%","Earth +1/2/3/4/5% Boost | Quick Cast 3/4/5% | Grants [MAG +10% (8s)]/[MAG +20% (8s)]/[MAG +30% (8s)] at the beginning of the battle","101","50","","","165","","","95","","S","99","","","350","","","95","","22331012","✓"
"Red XIII","VII","1","A","Red XIII's Armlet","Bracer","","","101","50","0","117","60","100","0","0","105","Empower Healing 5% | Prismatic damage +20%","Earth Ability +1/2/3/4/5% Boost | Grants [20% Damage Reduction Barrier 1 Follow-Up]/[30% Damage Reduction Barrier 1 Follow-Up]/[40% Damage Reduction Barrier 1 Follow-Up] at the beginning of the battle | Grants [RES +10% (8s)]/[RES +20% (8s)]/[RES +30% (8s)] at the beginning of the battle","101","50","","79","49","45","","","105","S","99","","155","70","155","","","105","22356068","✓"
"Red XIII","VII","1","A","Star Pendant","Accessory","","","101","1","0","0","0","0","0","0","0","HP +500 | Prismatic resistance (moderate)","Quick Cast 4/5/6/7/8%","101","1","","","","","","","","S","1","","","","","","","","23380010","✓"
"Rude","VII","1","A","Rude's Gloves","Fist","","","101","50","258","0","258","0","0","95","0","Hand of Vengeance 5 | Prismatic damage +20%","Earth +1/2/3/4/5% Boost | Quick Cast 3/4/5% | Grants [MAG +10% (8s)]/[MAG +20% (8s)]/[MAG +30% (8s)] at the beginning of the battle","101","50","165","","165","","","95","","S","99","350","","350","","","95","","21307114","✓"
"Rude","VII","1","A","Shinra Headset","Hat","","","101","50","49","101","49","143","0","0","105","Empower Healing 5% | Prismatic damage +20%","Earth Ability +1/2/3/4/5% Boost | Grants [20% Damage Reduction Barrier 1 Follow-Up]/[30% Damage Reduction Barrier 1 Follow-Up]/[40% Damage Reduction Barrier 1 Follow-Up] at the beginning of the battle | Grants [RES +10% (8s)]/[RES +20% (8s)]/[RES +30% (8s)] at the beginning of the battle","101","50","36","61","36","76","","","105","S","99","62","140","62","210","","","105","22351116","✓"
"Rude","VII","1","A","Rude's Sunglasses","Accessory","","","101","1","0","0","0","0","0","0","0","HP +500 | Prismatic resistance (moderate)","Quick Cast 4/5/6/7/8%","101","1","","","","","","","","S","1","","","","","","","","23380375","✓"
"Cid (VII)","VII","1","B","Venus Gospel","Spear","","","101","50","266","0","0","0","0","95","0","Deadly Strikes 5 | Prismatic damage +20%","Wind +1/2/3/4/5% Boost | Quick Cast 3/4/5% | Grants [ATK +10% (8s)]/[ATK +20% (8s)]/[ATK +30% (8s)] at the beginning of the battle","101","50","172","","","","","95","","S","99","360","","","","","95","","21306178",""
"Cid (VII)","VII","1","B","Cid's Jacket","Light Armor","","","101","50","49","122","0","122","0","0","100","Precise Strike 5 | Prismatic damage +20%","Wind Ability +1/2/3/4/5% Boost | Grants [20% Damage Reduction Barrier 1 Follow-Up]/[30% Damage Reduction Barrier 1 Follow-Up]/[40% Damage Reduction Barrier 1 Follow-Up] at the beginning of the battle | Grants [DEF +10% (8s)]/[DEF +20% (8s)]/[DEF +30% (8s)] at the beginning of the battle","101","50","36","50","","50","","","100","S","99","62","194","","194","","","100","22353193",""
"Cid (VII)","VII","1","B","PHS","Accessory","","","101","1","0","0","0","0","0","0","0","HP +500 | Prismatic resistance (moderate)","Quick Cast 4/5/6/7/8%","101","1","","","","","","","","S","1","","","","","","","","23380617",""
"Barret","VII","2","A","Missing Score","Gun-Arm","","","101","50","253","0","0","0","0","95","0","Deadly Strikes 5 | Prismatic damage +20%","Fire +1/2/3/4/5% Boost | Quick Cast 3/4/5% | Grants [ATK +10% (8s)]/[ATK +20% (8s)]/[ATK +30% (8s)] at the beginning of the battle","101","50","160","","","","","95","","S","99","346","","","","","95","","21332016",""
"Barret","VII","2","A","Barret's Vest","Light Armor","","","101","50","49","122","0","122","0","0","100","Precise Strike 5 | Prismatic damage +20%","Fire Ability +1/2/3/4/5% Boost | Grants [20% Damage Reduction Barrier 1 Follow-Up]/[30% Damage Reduction Barrier 1 Follow-Up]/[40% Damage Reduction Barrier 1 Follow-Up] at the beginning of the battle | Grants [DEF +10% (8s)]/[DEF +20% (8s)]/[DEF +30% (8s)] at the beginning of the battle","101","50","36","50","","50","","","100","S","99","62","194","","194","","","100","22353412",""
"Barret","VII","2","A","Dog Tag","Accessory","","","101","1","0","0","0","0","0","0","0","HP +500 | Prismatic resistance (moderate)","Quick Cast 4/5/6/7/8%","101","1","","","","","","","","S","1","","","","","","","","23380105",""
"Sephiroth","VII","2","A","Masamune","Katana","","","101","50","266","0","0","0","0","95","0","Deadly Strikes 5 | Prismatic damage +20%","Fire/Dark +1/2/3/4/5% Boost | Quick Cast 3/4/5% | Grants [ATK +10% (8s)]/[ATK +20% (8s)]/[ATK +30% (8s)] at the beginning of the battle","101","50","172","","","","","95","","S","99","360","","","","","95","","21303005",""
"Sephiroth","VII","2","A","Sephiroth's Guise","Light Armor","","","101","50","49","122","0","122","0","0","100","Precise Strike 5 | Prismatic damage +20%","Fire/Dark Ability +1/2/3/4/5% Boost | Grants [20% Damage Reduction Barrier 1 Follow-Up]/[30% Damage Reduction Barrier 1 Follow-Up]/[40% Damage Reduction Barrier 1 Follow-Up] at the beginning of the battle | Grants [DEF +10% (8s)]/[DEF +20% (8s)]/[DEF +30% (8s)] at the beginning of the battle","101","50","36","50","","50","","","100","S","99","62","194","","194","","","100","22353050",""
"Sephiroth","VII","2","A","One-Winged Pendant","Accessory","","","101","1","0","0","0","0","0","0","0","HP +500 | Prismatic resistance (moderate)","Quick Cast 4/5/6/7/8%","101","1","","","","","","","","S","1","","","","","","","","23380328",""
"Vincent","VII","2","A","Despenalty","Gun","","","101","50","258","0","258","0","0","95","0","Hand of Vengeance 5 | Prismatic damage +20%","Fire +1/2/3/4/5% Boost | Quick Cast 3/4/5% | Grants [MAG +10% (8s)]/[MAG +20% (8s)]/[MAG +30% (8s)] at the beginning of the battle","101","50","165","","165","","","95","","S","99","350","","350","","","95","","21315133",""
"Vincent","VII","2","A","Vincent's Bandana","Hat","","","101","50","49","101","49","143","0","0","105","Empower Healing 5% | Prismatic damage +20%","Fire Ability +1/2/3/4/5% Boost | Grants [20% Damage Reduction Barrier 1 Follow-Up]/[30% Damage Reduction Barrier 1 Follow-Up]/[40% Damage Reduction Barrier 1 Follow-Up] at the beginning of the battle | Grants [RES +10% (8s)]/[RES +20% (8s)]/[RES +30% (8s)] at the beginning of the battle","101","50","36","61","36","76","","","105","S","99","62","140","62","210","","","105","22351091",""
"Vincent","VII","2","A","Vincent's Boots","Accessory","","","101","1","0","0","0","0","0","0","0","HP +500 | Prismatic resistance (moderate)","Quick Cast 4/5/6/7/8%","101","1","","","","","","","","S","1","","","","","","","","23380546",""
"Rinoa","VIII","1","A","Shooting Star","Thrown","","","101","50","0","0","258","0","0","95","0","Hand of Vengeance 5 | Prismatic damage +20%","Earth +1/2/3/4/5% Boost | Quick Cast 3/4/5% | Grants [MAG +10% (8s)]/[MAG +20% (8s)]/[MAG +30% (8s)] at the beginning of the battle","101","50","","","165","","","95","","S","99","","","350","","","95","","21313019","✓"
"Rinoa","VIII","1","A","Rinoa's Guise","Light Armor","","","101","50","0","122","49","122","0","0","100","Empower Healing 5% | Prismatic damage +20%","Earth Ability +1/2/3/4/5% Boost | Grants [20% Damage Reduction Barrier 1 Follow-Up]/[30% Damage Reduction Barrier 1 Follow-Up]/[40% Damage Reduction Barrier 1 Follow-Up] at the beginning of the battle | Grants [RES +10% (8s)]/[RES +20% (8s)]/[RES +30% (8s)] at the beginning of the battle","101","50","","50","36","50","","","100","S","99","","194","62","194","","","100","22353103","✓"
"Rinoa","VIII","1","A","Rinoa's Necklace","Accessory","","","101","1","0","0","0","0","0","0","0","HP +500 | Prismatic resistance (moderate)","Quick Cast 4/5/6/7/8%","101","1","","","","","","","","S","1","","","","","","","","23380214","✓"
"Edea","VIII","1","C","Sorceress's Might","Thrown","","","101","50","0","0","258","0","0","95","0","Hand of Vengeance 5 | Prismatic damage +20%","Ice/Dark +1/2/3/4/5% Boost | Quick Cast 3/4/5% | Grants [MAG +10% (8s)]/[MAG +20% (8s)]/[MAG +30% (8s)] at the beginning of the battle","101","50","","","165","","","95","","S","99","","","350","","","95","","21313028",""
"Edea","VIII","1","C","Sorceress's Crown","Hat","","","101","50","0","101","60","145","0","0","105","Empower Healing 5% | Prismatic damage +20%","Ice/Dark Ability +1/2/3/4/5% Boost | Grants [20% Damage Reduction Barrier 1 Follow-Up]/[30% Damage Reduction Barrier 1 Follow-Up]/[40% Damage Reduction Barrier 1 Follow-Up] at the beginning of the battle | Grants [RES +10% (8s)]/[RES +20% (8s)]/[RES +30% (8s)] at the beginning of the battle","101","50","","61","49","79","","","105","S","99","","140","70","210","","","105","22351069",""
"Edea","VIII","1","C","Circlet","Accessory","","","101","1","0","0","0","0","0","0","0","HP +500 | Prismatic resistance (moderate)","Quick Cast 4/5/6/7/8%","101","1","","","","","","","","S","1","","","","","","","","23380120",""
"Ward","VIII","2","B","Harpoon","Spear","","","101","50","266","0","0","0","0","95","0","Deadly Strikes 5 | Prismatic damage +20%","Ice/Earth/Water +1/2/3/4/5% Boost | Quick Cast 3/4/5% | Grants [ATK +10% (8s)]/[ATK +20% (8s)]/[ATK +30% (8s)] at the beginning of the battle","101","50","172","","","","","95","","S","99","360","","","","","95","","21306099",""
"Ward","VIII","2","B","Ward's Bandana","Hat","","","101","50","49","101","0","143","0","0","0","Precise Strike 5 | Prismatic damage +20%","Ice/Earth/Water Ability +1/2/3/4/5% Boost | Grants [20% Damage Reduction Barrier 1 Follow-Up]/[30% Damage Reduction Barrier 1 Follow-Up]/[40% Damage Reduction Barrier 1 Follow-Up] at the beginning of the battle | Grants [DEF +10% (8s)]/[DEF +20% (8s)]/[DEF +30% (8s)] at the beginning of the battle","101","50","36","61","","76","","","","S","99","62","140","","210","","","","22351118",""
"Ward","VIII","2","B","Gaia Ring","Accessory","","","101","1","0","0","0","0","0","0","0","HP +500 | Prismatic resistance (moderate)","Quick Cast 4/5/6/7/8%","101","1","","","","","","","","S","1","","","","","","","","23380215",""
"Eiko","IX","1","B","Angel Flute","Instrument","","","101","50","0","0","258","0","129","95","0","Hand of Vengeance 5 | Prismatic damage +20%","Wind +1/2/3/4/5% Boost | Quick Cast 3/4/5% | Grants [MAG +10% (8s)]/[MAG +20% (8s)]/[MAG +30% (8s)] at the beginning of the battle","101","50","","","165","","83","95","","S","99","","","350","","175","95","","21311029",""
"Eiko","IX","1","B","Eiko's Guise","Light Armor","","","101","50","0","122","39","122","0","0","100","Empower Healing 5% | Prismatic damage +20%","Wind Ability +1/2/3/4/5% Boost | Grants [20% Damage Reduction Barrier 1 Follow-Up]/[30% Damage Reduction Barrier 1 Follow-Up]/[40% Damage Reduction Barrier 1 Follow-Up] at the beginning of the battle | Grants [RES +10% (8s)]/[RES +20% (8s)]/[RES +30% (8s)] at the beginning of the battle","101","50","","50","26","50","","","100","S","99","","194","52","194","","","100","22353104",""
"Eiko","IX","1","B","Friendship Ribbon","Accessory","","","101","1","0","0","0","0","0","0","0","HP +500 | Prismatic resistance (moderate)","Quick Cast 4/5/6/7/8%","101","1","","","","","","","","S","1","","","","","","","","23380158",""
"Freya","IX","1","B","Dragon Whisker","Spear","","","101","50","266","0","0","0","0","95","0","Deadly Strikes 5 | Prismatic damage +20%","Wind +1/2/3/4/5% Boost | Quick Cast 3/4/5% | Grants [ATK +10% (8s)]/[ATK +20% (8s)]/[ATK +30% (8s)] at the beginning of the battle","101","50","172","","","","","95","","S","99","360","","","","","95","","21306139",""
"Freya","IX","1","B","Freya's Cap","Hat","","","101","50","49","101","0","143","0","0","105","Precise Strike 5 | Prismatic damage +20%","Wind Ability +1/2/3/4/5% Boost | Grants [20% Damage Reduction Barrier 1 Follow-Up]/[30% Damage Reduction Barrier 1 Follow-Up]/[40% Damage Reduction Barrier 1 Follow-Up] at the beginning of the battle | Grants [DEF +10% (8s)]/[DEF +20% (8s)]/[DEF +30% (8s)] at the beginning of the battle","101","50","36","61","","76","","","105","S","99","62","140","","210","","","105","22351080",""
"Freya","IX","1","B","Freya's Ring","Accessory","","","101","1","0","0","0","0","0","0","0","HP +500 | Prismatic resistance (moderate)","Quick Cast 4/5/6/7/8%","101","1","","","","","","","","S","1","","","","","","","","23380628",""
"Marcus","IX","1","B","Marcus's Sword","Sword","","","101","50","266","0","0","0","0","95","0","Deadly Strikes 5 | Prismatic damage +20%","Wind/Poison +1/2/3/4/5% Boost | Quick Cast 3/4/5% | Grants [ATK +10% (8s)]/[ATK +20% (8s)]/[ATK +30% (8s)] at the beginning of the battle","101","50","172","","","","","95","","S","99","360","","","","","95","","21302329",""
"Marcus","IX","1","B","Marcus's Bandana","Hat","","","101","50","49","101","0","143","0","0","105","Precise Strike 5 | Prismatic damage +20%","Wind/Poison Ability +1/2/3/4/5% Boost | Grants [20% Damage Reduction Barrier 1 Follow-Up]/[30% Damage Reduction Barrier 1 Follow-Up]/[40% Damage Reduction Barrier 1 Follow-Up] at the beginning of the battle | Grants [DEF +10% (8s)]/[DEF +20% (8s)]/[DEF +30% (8s)] at the beginning of the battle","101","50","36","61","","76","","","105","S","99","62","140","","210","","","105","22351134",""
"Marcus","IX","1","B","Marcus's Armlet","Accessory","","","101","1","0","0","0","0","0","0","0","HP +500 | Prismatic resistance (moderate)","Quick Cast 4/5/6/7/8%","101","1","","","","","","","","S","1","","","","","","","","23380269",""
"Braska","X","2","A","Braska's Staff","Staff","","","101","50","0","0","258","0","0","95","0","Hand of Vengeance 5 | Prismatic damage +20%","Fire +1/2/3/4/5% Boost | Quick Cast 3/4/5% | Grants [MAG +10% (8s)]/[MAG +20% (8s)]/[MAG +30% (8s)] at the beginning of the battle","101","50","","","165","","","95","","S","99","","","350","","","95","","21309059",""
"Braska","X","2","A","Braska's Hat","Hat","","","101","50","0","101","60","143","0","0","105","Empower Healing 5% | Prismatic damage +20%","Fire Ability +1/2/3/4/5% Boost | Grants [20% Damage Reduction Barrier 1 Follow-Up]/[30% Damage Reduction Barrier 1 Follow-Up]/[40% Damage Reduction Barrier 1 Follow-Up] at the beginning of the battle | Grants [RES +10% (8s)]/[RES +20% (8s)]/[RES +30% (8s)] at the beginning of the battle","101","50","","61","49","76","","","105","S","99","","140","70","210","","","105","22351093",""
"Braska","X","2","A","Final Aeon Pendant","Accessory","","","101","1","0","0","0","0","0","0","0","HP +500 | Prismatic resistance (moderate)","Quick Cast 4/5/6/7/8%","101","1","","","","","","","","S","1","","","","","","","","23380208",""
"Paine","X","2","B","Paine's Sword","Sword","","","101","50","266","0","0","0","0","95","0","Deadly Strikes 5 | Prismatic damage +20%","Water +1/2/3/4/5% Boost | Quick Cast 3/4/5% | Grants [ATK +10% (8s)]/[ATK +20% (8s)]/[ATK +30% (8s)] at the beginning of the battle","101","50","172","","","","","95","","S","99","360","","","","","95","","21302173",""
"Paine","X","2","B","Paine's Guise","Light Armor","","","101","50","49","122","0","122","0","0","0","Precise Strike 5 | Prismatic damage +20%","Water Ability +1/2/3/4/5% Boost | Grants [20% Damage Reduction Barrier 1 Follow-Up]/[30% Damage Reduction Barrier 1 Follow-Up]/[40% Damage Reduction Barrier 1 Follow-Up] at the beginning of the battle | Grants [DEF +10% (8s)]/[DEF +20% (8s)]/[DEF +30% (8s)] at the beginning of the battle","101","50","36","50","","50","","","","S","99","62","194","","194","","","","22353178",""
"Paine","X","2","B","Paine's Necklace","Accessory","","","101","1","0","0","0","0","0","0","0","HP +500 | Prismatic resistance (moderate)","Quick Cast 4/5/6/7/8%","101","1","","","","","","","","S","1","","","","","","","","23380497",""
"Rikku","X","2","B","Godhand","Fist","","","101","50","266","0","0","0","0","95","0","Deadly Strikes 5 | Prismatic damage +20%","Water +1/2/3/4/5% Boost | Quick Cast 3/4/5% | Grants [ATK +10% (8s)]/[ATK +20% (8s)]/[ATK +30% (8s)] at the beginning of the battle","101","50","172","","","","","95","","S","99","360","","","","","95","","21307249",""
"Rikku","X","2","B","Dreadnought","Bracer","","","101","50","70","117","0","100","0","0","0","Precise Strike 5 | Prismatic damage +20%","Water Ability +1/2/3/4/5% Boost | Grants [20% Damage Reduction Barrier 1 Follow-Up]/[30% Damage Reduction Barrier 1 Follow-Up]/[40% Damage Reduction Barrier 1 Follow-Up] at the beginning of the battle | Grants [DEF +10% (8s)]/[DEF +20% (8s)]/[DEF +30% (8s)] at the beginning of the battle","101","50","61","79","","45","","","","S","99","79","155","","155","","","","22356391",""
"Rikku","X","2","B","Rikku's Hairpin","Accessory","","","101","1","0","0","0","0","0","0","0","HP +500 | Prismatic resistance (moderate)","Quick Cast 4/5/6/7/8%","101","1","","","","","","","","S","1","","","","","","","","23380548",""
"Wakka","X","2","B","World Champion","Blitzball","","","101","50","253","0","0","0","0","95","0","Deadly Strikes 5 | Prismatic damage +20%","Water +1/2/3/4/5% Boost | Quick Cast 3/4/5% | Grants [ATK +10% (8s)]/[ATK +20% (8s)]/[ATK +30% (8s)] at the beginning of the battle","101","50","160","","","","","95","","S","99","346","","","","","95","","21330022",""
"Wakka","X","2","B","Never Give Up","Bracer","","","101","50","70","117","0","100","0","0","0","Precise Strike 5 | Prismatic damage +20%","Water Ability +1/2/3/4/5% Boost | Grants [20% Damage Reduction Barrier 1 Follow-Up]/[30% Damage Reduction Barrier 1 Follow-Up]/[40% Damage Reduction Barrier 1 Follow-Up] at the beginning of the battle | Grants [DEF +10% (8s)]/[DEF +20% (8s)]/[DEF +30% (8s)] at the beginning of the battle","101","50","61","79","","45","","","","S","99","79","155","","155","","","","22356381",""
"Wakka","X","2","B","Wakka's Bandana","Accessory","","","101","1","0","0","0","0","0","0","0","HP +500 | Prismatic resistance (moderate)","Quick Cast 4/5/6/7/8%","101","1","","","","","","","","S","1","","","","","","","","23380117",""
"Lulu","X","2","B","Onion Knight","Doll","","","101","50","0","0","258","0","0","95","0","Hand of Vengeance 5 | Prismatic damage +20%","Ice/Lightning/Water +1/2/3/4/5% Boost | Quick Cast 3/4/5% | Grants [MAG +10% (8s)]/[MAG +20% (8s)]/[MAG +30% (8s)] at the beginning of the battle","101","50","","","165","","","95","","S","99","","","350","","","95","","21334011",""
"Lulu","X","2","B","Soul of Samasa","Bracer","","","101","50","0","117","60","100","0","0","0","Empower Healing 5% | Prismatic damage +20%","Ice/Lightning/Water +1/2/3/4/5% Boost | Grants [20% Damage Reduction Barrier 1 Follow-Up]/[30% Damage Reduction Barrier 1 Follow-Up]/[40% Damage Reduction Barrier 1 Follow-Up] at the beginning of the battle | Grants [RES +10% (8s)]/[RES +20% (8s)]/[RES +30% (8s)] at the beginning of the battle","101","50","","79","49","45","","","","S","99","","155","70","155","","","","22356389",""
"Lulu","X","2","B","Lulu's Necklace","Accessory","","","101","1","0","0","0","0","0","0","0","HP +500 | Prismatic resistance (moderate)","Quick Cast 4/5/6/7/8%","101","1","","","","","","","","S","1","","","","","","","","23380170",""
"Lion","XI","2","B","Lust Dagger","Dagger","","","101","50","266","0","0","0","0","95","0","Deadly Strikes 5 | Prismatic damage +20%","Water +1/2/3/4/5% Boost | Quick Cast 3/4/5% | Grants [ATK +10% (8s)]/[ATK +20% (8s)]/[ATK +30% (8s)] at the beginning of the battle","101","50","172","","","","","95","","S","99","360","","","","","95","","21301096",""
"Lion","XI","2","B","Gaia Doublet","Light Armor","","","101","50","49","122","0","122","0","0","0","Precise Strike 5 | Prismatic damage +20%","Water Ability +1/2/3/4/5% Boost | Grants [20% Damage Reduction Barrier 1 Follow-Up]/[30% Damage Reduction Barrier 1 Follow-Up]/[40% Damage Reduction Barrier 1 Follow-Up] at the beginning of the battle | Grants [DEF +10% (8s)]/[DEF +20% (8s)]/[DEF +30% (8s)] at the beginning of the battle","101","50","36","50","","50","","","","S","99","62","194","","194","","","","22353145",""
"Lion","XI","2","B","Brutal Earring","Accessory","","","101","1","0","0","0","0","0","0","0","HP +500 | Prismatic resistance (moderate)","Quick Cast 4/5/6/7/8%","101","1","","","","","","","","S","1","","","","","","","","23380394",""
"Vaan","XII","1","B","Shikari Nagasa","Dagger","","","101","50","266","0","0","0","0","95","0","Deadly Strikes 5 | Prismatic damage +20%","Wind +1/2/3/4/5% Boost | Quick Cast 3/4/5% | Grants [ATK +10% (8s)]/[ATK +20% (8s)]/[ATK +30% (8s)] at the beginning of the battle","101","50","172","","","","","95","","S","99","360","","","","","95","","21301217",""
"Vaan","XII","1","B","Vaan's Vest","Light Armor","","","101","50","49","122","0","122","0","0","100","Precise Strike 5 | Prismatic damage +20%","Wind Ability +1/2/3/4/5% Boost | Grants [20% Damage Reduction Barrier 1 Follow-Up]/[30% Damage Reduction Barrier 1 Follow-Up]/[40% Damage Reduction Barrier 1 Follow-Up] at the beginning of the battle | Grants [DEF +10% (8s)]/[DEF +20% (8s)]/[DEF +30% (8s)] at the beginning of the battle","101","50","36","50","","50","","","100","S","99","62","194","","194","","","100","22353113",""
"Vaan","XII","1","B","Orrachea Armlet","Accessory","","","101","1","0","0","0","0","0","0","0","HP +500 | Prismatic resistance (moderate)","Quick Cast 4/5/6/7/8%","101","1","","","","","","","","S","1","","","","","","","","23380099",""
"Fran","XII","1","C","Sagittarius","Bow","","","101","50","253","0","0","0","0","95","0","Deadly Strikes 5 | Prismatic damage +20%","Ice/Lightning +1/2/3/4/5% Boost | Quick Cast 3/4/5% | Grants [ATK +10% (8s)]/[ATK +20% (8s)]/[ATK +30% (8s)] at the beginning of the battle","101","50","160","","","","","95","","S","99","346","","","","","95","","21310111",""
"Fran","XII","1","C","Fran's Guise","Light Armor","","","101","50","49","122","0","122","0","0","100","Precise Strike 5 | Prismatic damage +20%","Ice/Lightning Ability +1/2/3/4/5% Boost | Grants [20% Damage Reduction Barrier 1 Follow-Up]/[30% Damage Reduction Barrier 1 Follow-Up]/[40% Damage Reduction Barrier 1 Follow-Up] at the beginning of the battle | Grants [DEF +10% (8s)]/[DEF +20% (8s)]/[DEF +30% (8s)] at the beginning of the battle","101","50","36","50","","50","","","100","S","99","62","194","","194","","","100","22353341",""
"Fran","XII","1","C","Agate Ring","Accessory","","","101","1","0","0","0","0","0","0","0","HP +500 | Prismatic resistance (moderate)","Quick Cast 4/5/6/7/8%","101","1","","","","","","","","S","1","","","","","","","","23380311",""
"Sazh","XIII","2","A","Total Eclipses","Gun","","","101","50","253","0","0","0","0","95","0","Deadly Strikes 5 | Prismatic damage +20%","Fire/Ice/Lightning +1/2/3/4/5% Boost | Quick Cast 3/4/5% | Grants [ATK +10% (8s)]/[ATK +20% (8s)]/[ATK +30% (8s)] at the beginning of the battle","101","50","160","","","","","95","","S","99","346","","","","","95","","21315134",""
"Sazh","XIII","2","A","Sazh's Coat","Light Armor","","","101","50","49","122","0","122","0","0","100","Precise Strike 5 | Prismatic damage +20%","Fire/Ice/Lightning Ability +1/2/3/4/5% Boost | Grants [20% Damage Reduction Barrier 1 Follow-Up]/[30% Damage Reduction Barrier 1 Follow-Up]/[40% Damage Reduction Barrier 1 Follow-Up] at the beginning of the battle | Grants [DEF +10% (8s)]/[DEF +20% (8s)]/[DEF +30% (8s)] at the beginning of the battle","101","50","36","50","","50","","","100","S","99","62","194","","194","","","100","22353211",""
"Sazh","XIII","2","A","Peace Amulet","Accessory","","","101","1","0","0","0","0","0","0","0","HP +500 | Prismatic resistance (moderate)","Quick Cast 4/5/6/7/8%","101","1","","","","","","","","S","1","","","","","","","","23380492",""
"Cid (XIV)","XIV","1","A","Ferdinand","Gun","","","101","50","253","0","0","0","0","95","0","Deadly Strikes 5 | Prismatic damage +20%","Earth/Fire/Wind/Poison +1/2/3/4/5% Boost | Quick Cast 3/4/5% | Grants [ATK +10% (8s)]/[ATK +20% (8s)]/[ATK +30% (8s)] at the beginning of the battle","101","50","160","","","","","95","","S","99","346","","","","","95","","21315066","✓"
"Cid (XIV)","XIV","1","A","Garlond Goggles","Hat","","","101","50","49","101","0","143","0","0","105","Precise Strikes 5 | Prismatic damage +20%","Earth/Fire/Wind/Poison Ability +1/2/3/4/5% Boost | Grants [20% Damage Reduction Barrier 1 Follow-Up]/[30% Damage Reduction Barrier 1 Follow-Up]/[40% Damage Reduction Barrier 1 Follow-Up] at the beginning of the battle | Grants [DEF +10% (8s)]/[DEF +20% (8s)]/[DEF +30% (8s)] at the beginning of the battle","101","50","36","61","","76","","","105","S","99","62","140","","210","","","105","22351103","✓"
"Cid (XIV)","XIV","1","A","Garlond Ring","Accessory","","","101","1","0","0","0","0","0","0","0","HP +500 | Prismatic resistance (moderate)","Quick Cast 4/5/6/7/8%","101","1","","","","","","","","S","1","","","","","","","","23380341","✓"
"Cinque","Type-0","1","A","Skull Crusher","Hammer","","","101","50","266","0","0","0","0","95","0","Deadly Strikes 5 | Prismatic damage +20%","Earth +1/2/3/4/5% Boost | Quick Cast 3/4/5% | Grants [ATK +10% (8s)]/[ATK +20% (8s)]/[ATK +30% (8s)] at the beginning of the battle","101","50","172","","","","","95","","S","99","360","","","","","95","","21305033","✓"
"Cinque","Type-0","1","A","Cinque's Summer Guise","Light Armor","","","101","50","49","122","0","122","0","0","100","Precise Strikes 5 | Prismatic damage +20%","Earth Ability +1/2/3/4/5% Boost | Grants [20% Damage Reduction Barrier 1 Follow-Up]/[30% Damage Reduction Barrier 1 Follow-Up]/[40% Damage Reduction Barrier 1 Follow-Up] at the beginning of the battle | Grants [DEF +10% (8s)]/[DEF +20% (8s)]/[DEF +30% (8s)] at the beginning of the battle","101","50","36","50","","50","","","100","S","99","62","194","","194","","","100","22353562","✓"
"Cinque","Type-0","1","A","Moogle Plushie","Accessory","","","101","1","0","0","0","0","0","0","0","HP +500 | Prismatic resistance (moderate)","Quick Cast 4/5/6/7/8%","101","1","","","","","","","","S","1","","","","","","","","23380434","✓"
"Trey","Type-0","1","C","Argentic Bow","Bow","","","101","50","253","0","0","0","0","95","0","Deadly Strikes 5 | Prismatic damage +20%","Fire/Ice/Water +1/2/3/4/5% Boost | Quick Cast 3/4/5% | Grants [ATK +10% (8s)]/[ATK +20% (8s)]/[ATK +30% (8s)] at the beginning of the battle","101","50","160","","","","","95","","S","99","346","","","","","95","","21310080",""
"Trey","Type-0","1","C","Trey's Summer Guise","Light Armor","","","101","50","49","122","0","122","0","0","100","Precise Strikes 5 | Prismatic damage +20%","Fire/Ice/Water Ability +1/2/3/4/5% Boost | Grants [20% Damage Reduction Barrier 1 Follow-Up]/[30% Damage Reduction Barrier 1 Follow-Up]/[40% Damage Reduction Barrier 1 Follow-Up] at the beginning of the battle | Grants [DEF +10% (8s)]/[DEF +20% (8s)]/[DEF +30% (8s)] at the beginning of the battle","101","50","36","50","","50","","","100","S","99","62","194","","194","","","100","22353415",""
"Trey","Type-0","1","C","Iron Bangle","Accessory","","","101","1","0","0","0","0","0","0","0","HP +500 | Prismatic resistance (moderate)","Quick Cast 4/5/6/7/8%","101","1","","","","","","","","S","1","","","","","","","","23380614",""
"Seven","Type-0","1","C","Silver Whipblade","Whip","","","101","50","0","0","258","0","0","95","0","Hand of Vengeance 5 | Prismatic damage +20%","Ice +1/2/3/4/5% Boost | Quick Cast 3/4/5% | Grants [ATK +10% (8s)]/[ATK +20% (8s)]/[ATK +30% (8s)] at the beginning of the battle","101","50","","","165","","","95","","S","99","","","350","","","95","","21312032",""
"Seven","Type-0","1","C","Seven's Guise","Light Armor","","","101","50","0","122","49","122","0","0","100","Empower Healing 5% | Prismatic damage +20%","Ice Ability +1/2/3/4/5% Boost | Grants [20% Damage Reduction Barrier 1 Follow-Up]/[30% Damage Reduction Barrier 1 Follow-Up]/[40% Damage Reduction Barrier 1 Follow-Up] at the beginning of the battle | Grants [DEF +10% (8s)]/[DEF +20% (8s)]/[DEF +30% (8s)] at the beginning of the battle","101","50","","50","36","50","","","100","S","99","","194","62","194","","","100","22353307",""
"Seven","Type-0","1","C","Seven's Boots","Accessory","","","101","1","0","0","0","0","0","0","0","HP +500 | Prismatic resistance (moderate)","Quick Cast 4/5/6/7/8%","101","1","","","","","","","","S","1","","","","","","","","23380480",""
"Eight","Type-0","1","C","Killer Knuckles","Fist","","","101","50","266","0","0","0","0","95","0","Deadly Strikes 5 | Prismatic damage +20%","Ice +1/2/3/4/5% Boost | Quick Cast 3/4/5% | Grants [ATK +10% (8s)]/[ATK +20% (8s)]/[ATK +30% (8s)] at the beginning of the battle","101","50","172","","","","","95","","S","99","360","","","","","95","","21307164",""
"Eight","Type-0","1","C","Eight's Akademeia Uniform","Light Armor","","","101","50","49","122","0","122","0","0","100","Precise Strikes 5 | Prismatic damage +20%","Ice Ability +1/2/3/4/5% Boost | Grants [20% Damage Reduction Barrier 1 Follow-Up]/[30% Damage Reduction Barrier 1 Follow-Up]/[40% Damage Reduction Barrier 1 Follow-Up] at the beginning of the battle | Grants [DEF +10% (8s)]/[DEF +20% (8s)]/[DEF +30% (8s)] at the beginning of the battle","101","50","36","50","","50","","","100","S","99","62","194","","194","","","100","22353381",""
"Eight","Type-0","1","C","Angel Earrings","Accessory","","","101","1","0","0","0","0","0","0","0","HP +500 | Prismatic resistance (moderate)","Quick Cast 4/5/6/7/8%","101","1","","","","","","","","S","1","","","","","","","","23380398",""
"Serafie","Beyond","1","B","Diva Serafie's Harp","Instrument","","","101","50","0","0","258","0","0","95","0","Hand of Vengeance 5 | Prismatic damage +20%","Wind +1/2/3/4/5% Boost | Quick Cast 3/4/5% | Grants [MAG +10% (8s)]/[MAG +20% (8s)]/[MAG +30% (8s)] at the beginning of the battle","101","50","","","165","","","95","","S","99","","","350","","","95","","21311066",""
"Serafie","Beyond","1","B","Serafie's Guise","Light Armor","","","101","50","0","122","49","122","0","0","100","Empower Healing 5% | Prismatic damage +20%","Wind Ability +1/2/3/4/5% Boost | Grants [20% Damage Reduction Barrier 1 Follow-Up]/[30% Damage Reduction Barrier 1 Follow-Up]/[40% Damage Reduction Barrier 1 Follow-Up] at the beginning of the battle | Grants [RES +10% (8s)]/[RES +20% (8s)]/[RES +30% (8s)] at the beginning of the battle","101","50","","50","36","50","","","100","S","99","","194","62","194","","","100","22353435",""
"Serafie","Beyond","1","B","Faerie Watering Can","Accessory","","","101","1","0","0","0","0","0","0","0","HP +500 | Prismatic resistance (moderate)","Quick Cast 4/5/6/7/8%","101","1","","","","","","","","S","1","","","","","","","","23380567",""
