"Element","Img","Name","Realm","Rarity","Introducing Event (Lv99)","HP","ATK","DEF","MAG","RES","MND","SPD","Passive 1","1-1","1-10","1-25","1-50","1-65","1-80","1-81","1-90","1-99","Passive 2","2-1","2-10","2-25","2-50","2-65","2-80","2-81","2-90","2-99","Passive 3","3-1","3-10","3-25","3-50","3-65","3-80","3-81","3-90","3-99","Cooldown","Duration","Magicite Ultra Skill","Type","Auto Target","Formula","Multiplier","Ultra Skill Element","Time","Effects","Counter","Name (JP)","ID"
"Fire","","Bomb","XII","1","Magicite Dawn","2648","155","91","181","159","162","87","Empower Fire","1","1","2","3","3","3","3","3","3","","","","","","","","","","","","","","","","","","","","","10.00","20.00","-","NAT","-","","","","2.50","","N","-","161000001"
"Fire","","Iguion","VIII","1","Magicite Dawn","3446","194","151","139","150","119","94","Dampen Fire","1","1","1","1","1","1","1","1","1","","","","","","","","","","","","","","","","","","","","","10.00","20.00","-","NAT","-","","","","2.50","","N","-","161000002"
"Fire","","Dragon","VII","2","Magicite Dawn","3916","232","166","175","154","177","100","Empower Fire","2","2","3","4","5","5","5","5","5","Attack Boon","0","0","0","1","3","5","5","5","5","","","","","","","","","","","10.00","20.00","-","NAT","-","","","","2.50","","N","-","161000003"
"Fire","","Flame Dragon","X","2","Magicite Dawn","3916","232","166","175","154","177","100","Dampen Fire","2","2","2","2","2","2","2","2","2","Defense Boon","0","0","0","1","3","5","5","5","5","","","","","","","","","","","10.00","20.00","-","NAT","-","","","","2.50","","N","-","161000004"
"Fire","","Salamander","III","3","Magicite Dawn","4298","255","183","192","169","194","116","Empower Fire","3","4","5","6","7","8","8","9","10","Deadly Strikes","0","0","0","0","0","3","3","3","5","","","","","","","","","","","10.00","20.00","-","NAT","-","","","","2.50","","N","-","161000005"
"Fire","","Mom Bomb","IV","3","Magicite Dawn","3201","187","110","220","192","195","120","Empower Fire","3","4","5","6","7","8","8","9","10","Attack Boon","0","0","0","2","5","10","10","10","10","","","","","","","","","","","10.00","20.00","Ultra Explode","NAT","All enemies","Magical","50.40","Fire","2.50","Four group attacks (12.60 each), causes [Imperil Fire 20%] for 25 seconds","N","【契】大爆発","161000006"
"Fire","","Liquid Flame","V","3","Magicite Dawn","3201","187","110","220","192","195","120","Dampen Fire","3","3","3","3","4","5","5","5","6","Defense Boon","0","0","0","2","5","10","10","10","10","","","","","","","","","","","10.00","20.00","Ultra Blaze","NAT","All enemies","Magical","50.40","Fire","0.01","Four group attacks (12.60 each), grants [Ice Blink 1] to all allies","N","【契】ほのお","161000007"
"Fire","","Firemane","XII","4","Magicite Dawn, Part 3","3379","188","134","245","192","238","140","Dampen Blizzard","4","4","4","6","7","8","8","8","10","Resistance Boon","0","0","0","5","10","15","15","15","15","Spell Ward","0","0","0","0","0","2","2","2","5","10.00","20.00","Ultra Bushfire","NAT","All enemies","Magical","63.00","Fire","2.50","Five group attacks (12.60 each), causes [Poison] (11%), grants [Resist Ice 20% (25s)] to all allies","N","【契】ブッシュファイア","161000057"
"Fire","","King Bomb","XII","4","Magicite Dawn, Part 3","3484","203","120","240","209","212","140","Empower Fire","5","6","7","8","10","12","12","13","15","Magic Boon","0","0","0","5","10","15","15","15","15","Health Boon","0","0","0","0","0","2","2","2","5","10.00","20.00","Ultra Chain Reaction","NAT","All enemies","Magical","63.00","Fire","2.50","Five group attacks (12.60 each), grants [Buff Fire 10% (15s)] to all allies","N","【契】爆導索","161000058"
"Fire","","Maliris","IX","4","Magicite Dawn, Part 3","4604","245","150","245","185","182","142","Empower Fire","5","6","7","8","10","12","12","13","15","Attack Boon","0","0","0","5","10","15","15","15","15","Deadly Strikes","0","0","0","0","0","4","4","4","8","10.00","20.00","Ultra Flame Slash","PHY","Lowest HP% enemy","Physical","25.20","Fire","2.50","Six single attacks (4.20 each), causes [Debuff Ice 20% (15s)]","N","【契】火炎斬り","161000059"
"Fire","","Belias","XII","5","Magicite Dawn, Part 7","4987","265","163","265","199","197","162","Empower Fire","5","6","7","8","10","12","12","13","15","Deadly Strikes","0","0","0","0","1","1","5","5","10","","","","","","","","","","","10.00","20.00","Ultra Hellfire","PHY","Lowest HP% enemy","Physical","40.60","Fire","2.50","One single attack (40.60) capped at 99999, grants [Buff Fire 10% (15s)] to all allies","N","【契】地獄の火炎","161000085"
"Fire","","Phoenix","VI","5","Magicite Dawn, Part 7","4733","227","175","276","214","229","148","Dampen Blizzard","4","4","4","6","7","8","8","8","10","Health Boon","0","0","0","0","4","4","4","4","8","","","","","","","","","","","10.00","20.00","Ultra Flames of Rebirth","NAT","All enemies","Magical","63.75","Fire","2.50","One group attack (63.75) capped at 99999, restores HP (55) to all allies, removes KO [Raise: 40%] to all allies","N","【契】転生の炎","161000086"
"Fire","","Ifrit","X","6","Magicite: Ifrit","5371","265","232","265","232","232","163","Perdition's Blessing","5","6","7","8","10","12","12","13","15","Stat Boon","4","4","4","6","7","8","8","8","10","","","","","","","","","","","0.01","10.00","Ultra Hellfire","NAT","Lowest HP% enemy","","","Fire","0.01","One single attack that deals 99999 damage, grants [Buff Fire 20% (15s)] to all allies","N","【契】地獄の火炎","161000100"
"Fire","","Odin (Ultra Magic)","Core","6","Magicite: Odin (Fire)","6023","267","260","305","260","260","186","Argent Sage's Blessing","5","6","7","8","10","12","12","13","15","Lord's Seal: Fire","15","15","15","15","15","15","15","15","15","","","","","","","","","","","0.01","15.00","Ultra Arcane Zantetsuken","BLK","Lowest HP% enemy","Magical","11.00","Fire, Ice, Lightning, Earth, Wind, Water, Holy, Dark, Poison","0.01","One single attack (11.00) capped at 99999, ignores RES","N","【契】斬鉄剣・魔","161000109"
"Fire","","Odin (Ultra Attack)","Core","6","Magicite: Odin (Fire)","6023","301","260","267","260","260","186","Argent Sage's Blessing","5","6","7","8","10","12","12","13","15","Lord's Seal: Fire","15","15","15","15","15","15","15","15","15","","","","","","","","","","","0.01","15.00","Ultra Zantetsuken","PHY","Lowest HP% enemy","Physical","3.70","Fire, Ice, Lightning, Earth, Wind, Water, Holy, Dark, Poison","0.01","One single attack (3.70) capped at 99999, ignores DEF","N","【契】斬鉄剣","161000110"
"Ice","","Gnoll","IX","1","Magicite Dawn","3477","185","116","185","139","139","88","Empower Ice ","1","1","2","3","3","3","3","3","3","","","","","","","","","","","","","","","","","","","","","10.00","20.00","-","NAT","-","","","","2.50","","N","-","161000008"
"Ice","","Snowman","II","1","Magicite Dawn","3550","194","140","135","129","133","103","Dampen Blizzard","1","1","1","1","1","1","1","1","1","","","","","","","","","","","","","","","","","","","","","10.00","20.00","-","NAT","-","","","","2.50","","N","-","161000009"
"Ice","","Snow Lion","VIII","2","Magicite Dawn","3043","178","140","181","172","170","104","Empower Ice ","2","2","3","4","5","5","5","5","5","Magic Boon","0","0","0","1","3","5","5","5","5","","","","","","","","","","","10.00","20.00","-","NAT","-","","","","2.50","","N","-","161000010"
"Ice","","White Dragon","I","2","Magicite Dawn","3916","232","166","175","154","177","100","Dampen Blizzard","2","2","2","2","2","2","2","2","2","Defense Boon","0","0","0","1","3","5","5","5","5","","","","","","","","","","","10.00","20.00","-","NAT","-","","","","2.50","","N","-","161000011"
"Ice","","Taharka","IX","3","Magicite Dawn","4304","234","170","162","156","160","147","Empower Ice ","3","4","5","6","7","8","8","9","10","Blade Ward","0","0","0","0","0","1","1","1","3","","","","","","","","","","","10.00","20.00","-","NAT","-","","","","2.50","","N","-","161000012"
"Ice","","Wendigo","XII","3","Magicite Dawn","4311","255","198","169","140","142","117","Empower Ice","3","4","5","6","7","8","8","9","10","Magic Boon","0","0","0","2","5","10","10","10","10","","","","","","","","","","","10.00","20.00","Ultra Ice Break","NAT","All enemies","Magical","50.40","Ice","2.50","Four group attacks (12.60 each), causes [Imperil Ice 20%] for 25 seconds","N","【契】コルドブレイク","161000013"
"Ice","","Sealion","IX","3","Magicite Dawn","3201","187","110","220","192","195","120","Dampen Blizzard","3","3","3","3","4","5","5","5","6","Defense Boon","0","0","0","2","5","10","10","10","10","","","","","","","","","","","10.00","20.00","Ultra Icestorm","NAT","All enemies","Magical","50.40","Ice","0.01","Four group attacks (12.60 each), grants [Wind Blink 1] to all allies","N","【契】ふぶき","161000014"
"Ice","","Krysta","VIII","4","Magicite Dawn, Part 3","3484","203","120","240","209","212","140","Dampen Air","4","4","4","6","7","8","8","8","10","Defense Boon","0","0","0","5","10","15","15","15","15","Blade Ward","0","0","0","0","0","2","2","2","5","10.00","20.00","Ultra Flash-Freeze","NAT","All enemies","Magical","63.00","Ice","2.50","Five group attacks (12.60 each), grants [Wind Stoneskin: Magicite 30%] to all allies","N","【契】凍天撃","161000060"
"Ice","","Dullahan","VI","4","Magicite Dawn, Part 3","3769","188","199","240","192","178","130","Empower Ice","5","6","7","8","10","12","12","13","15","Magic Boon","0","0","0","5","10","15","15","15","15","Spell Ward","0","0","0","0","0","2","2","2","5","10.00","20.00","Ultra Absolute Zero","NAT","All enemies","Magical","63.00","Ice","2.50","Five group attacks (12.60 each), grants [Buff Ice 10% (15s)] to all allies","N","【契】ぜったいれいど","161000061"
"Ice","","Isgebind","XIV","4","Magicite Dawn, Part 3","4693","277","199","208","183","211","136","Empower Ice","5","6","7","8","10","12","12","13","15","Attack Boon","0","0","0","5","10","15","15","15","15","Precise Strikes","0","0","0","0","0","4","4","4","8","10.00","20.00","Ultra Frost Breath","NAT","All enemies","Physical","20.15","Ice","2.50","Five group ranged attacks (4.03 each), causes [Debuff Wind 20% (15s)]","N","【契】フロストブレス","161000062"
"Ice","","Manticore","V","5","Magicite Dawn, Part 8","5080","276","200","191","184","189","204","Empower Ice","5","6","7","8","10","12","12","13","15","Precise Strikes","0","0","0","0","1","1","5","5","10","","","","","","","","","","","10.00","20.00","Ultra Blazing Breath","PHY","Lowest HP% enemy","Physical","40.60","Ice","2.50","One single ranged attack (40.60) capped at 99999, grants [Buff Ice 10% (15s)] to all allies","N","【契】ブレイズブレス","161000087"
"Ice","","Mateus","XII","5","Magicite Dawn, Part 8","4733","227","175","276","214","229","148","Dampen Air","4","4","4","6","7","8","8","8","10","Blade Ward","0","0","0","0","4","4","4","4","8","","","","","","","","","","","10.00","20.00","Ultra Frostwave","NAT","All enemies","Magical","85.00","Ice","2.50","One group attack (85.00) capped at 99999, causes [Imperil Ice 20%] for 25 seconds","N","【契】凍てつく波動","161000088"
"Ice","","Shiva","X","6","Magicite: Shiva","5371","265","232","265","232","232","163","Hoarfrost Blessing","5","6","7","8","10","12","12","13","15","Stat Boon","4","4","4","6","7","8","8","8","10","","","","","","","","","","","0.01","10.00","Ultra Diamond Dust","NAT","Lowest HP% enemy","","","Ice","0.01","One single attack that deals 99999 damage, grants [Buff Ice 20% (15s)] to all allies","N","【契】ダイアモンドダスト","161000101"
"Ice","","Odin (Ultra Magic)","Core","6","Magicite: Odin (Ice)","6023","267","260","305","260","260","186","Argent Sage's Blessing","5","6","7","8","10","12","12","13","15","Lord's Seal: Ice","15","15","15","15","15","15","15","15","15","","","","","","","","","","","0.01","15.00","Ultra Arcane Zantetsuken","BLK","Lowest HP% enemy","Magical","11.00","Fire, Ice, Lightning, Earth, Wind, Water, Holy, Dark, Poison","0.01","One single attack (11.00) capped at 99999, ignores RES","N","【契】斬鉄剣・魔","161000111"
"Ice","","Odin (Ultra Attack)","Core","6","Magicite: Odin (Ice)","6023","301","260","267","260","260","186","Argent Sage's Blessing","5","6","7","8","10","12","12","13","15","Lord's Seal: Ice","15","15","15","15","15","15","15","15","15","","","","","","","","","","","0.01","15.00","Ultra Zantetsuken","PHY","Lowest HP% enemy","Physical","3.70","Fire, Ice, Lightning, Earth, Wind, Water, Holy, Dark, Poison","0.01","One single attack (3.70) capped at 99999, ignores DEF","N","【契】斬鉄剣","161000112"
"Lightning","","Yellow Elemental","X","1","Magicite Dawn","2648","155","91","181","159","162","87","Empower Lightning","1","1","2","3","3","3","3","3","3","","","","","","","","","","","","","","","","","","","","","10.00","20.00","-","NAT","-","","","","2.50","","N","-","161000029"
"Lightning","","Kalavinka Striker","XIII","1","Magicite Dawn","3691","182","175","143","103","133","90","Dampen Lightning","1","1","1","1","1","1","1","1","1","","","","","","","","","","","","","","","","","","","","","10.00","20.00","-","NAT","-","","","","2.50","","N","-","161000030"
"Lightning","","Ymir","VI","2","Magicite Dawn","3443","195","166","157","143","171","103","Empower Lightning","2","2","3","4","5","5","5","5","5","Attack Boon","0","0","0","1","3","5","5","5","5","","","","","","","","","","","10.00","20.00","-","NAT","-","","","","2.50","","N","-","161000031"
"Lightning","","Thunder Dragon","IV","2","Magicite Dawn","3916","232","166","175","154","177","100","Dampen Lightning","2","2","2","2","2","2","2","2","2","Resistance Boon","0","0","0","1","3","5","5","5","5","","","","","","","","","","","10.00","20.00","-","NAT","-","","","","2.50","","N","-","161000032"
"Lightning","","Humbaba","VI","3","Magicite Dawn","4220","224","139","224","168","167","121","Empower Lightning","3","4","5","6","7","8","8","9","10","Precise Strikes","0","0","0","0","0","3","3","3","5","","","","","","","","","","","10.00","20.00","-","NAT","-","","","","2.50","","N","-","161000033"
"Lightning","","Enlil","XIII","3","Magicite Dawn","4304","234","170","162","156","160","147","Empower Lightning","3","4","5","6","7","8","8","9","10","Attack Boon","0","0","0","2","5","10","10","10","10","","","","","","","","","","","10.00","20.00","Ultra Raging Tempest","NAT","All enemies","Magical","50.40","Lightning","2.50","Four group attacks (12.60 each), grants [Resist Water 20% (25s)] to all allies","N","【契】激怒の嵐","161000034"
"Lightning","","Hydra","V","3","Magicite Dawn","4298","255","183","192","169","194","116","Dampen Lightning","3","3","3","3","4","5","5","5","6","Resistance Boon","0","0","0","2","5","10","10","10","10","","","","","","","","","","","10.00","20.00","Ultra Thunderbolt","NAT","All enemies","Magical","50.40","Lightning","2.50","Four group attacks (12.60 each), causes [Imperil Lightning 20%] for 25 seconds","N","【契】いなずま","161000035"
"Lightning","","Mimic Queen","XII","4","Magicite Dawn, Part 3","4106","232","199","188","170","203","140","Empower Lightning","5","6","7","8","10","12","12","13","15","Attack Boon","0","0","0","5","10","15","15","15","15","Precise Strikes","0","0","0","0","0","4","4","4","8","10.00","20.00","Ultra Shockstorm","NAT","All enemies","Magical","63.00","Lightning","2.50","Five group attacks (12.60 each), grants [Water Blink 1] to all allies","N","【契】サンダーバースト","161000069"
"Lightning","","Garuda","III","4","Magicite Dawn, Part 3","3769","244","127","219","183","211","167","Empower Lightning","5","6","7","8","10","12","12","13","15","Magic Boon","0","0","0","5","10","15","15","15","15","Fast Act","0","0","0","0","0","4","4","4","8","10.00","20.00","Ultra Lightning","NAT","All enemies","Magical","63.00","Lightning","2.50","Five group attacks (12.60 each), grants [Buff Lightning 10% (15s)] to all allies","N","【契】かみなり","161000070"
"Lightning","","Ixion","X","4","Magicite Dawn, Part 3","4367","209","162","255","197","212","130","Dampen Water","4","4","4","6","7","8","8","8","10","Defense Boon","0","0","0","5","10","15","15","15","15","Deadly Strikes","0","0","0","0","0","4","4","4","8","10.00","20.00","Ultra Thor's Hammer","NAT","All enemies","Magical","63.00","Lightning","2.50","Five group attacks (12.60 each), causes [Debuff Water 20% (15s)]","N","【契】トールハンマー","161000071"
"Lightning","","Behemoth King","XIII","5","Magicite Dawn, Part 5","5080","276","200","191","184","189","204","Empower Lightning","5","6","7","8","10","12","12","13","15","Precise Strikes","0","0","0","0","1","1","5","5","10","","","","","","","","","","","10.00","20.00","Ultra Shockstorm","PHY","Single enemy","Physical","40.60","Lightning","2.50","One single attack (40.60) capped at 99999, grants [Buff Lightning 10% (15s)] to all allies","N","【契】サンダーバースト","161000081"
"Lightning","","Quetzalcoatl","VIII","5","Magicite Dawn, Part 5","4733","227","175","276","214","229","148","Dampen Water","4","4","4","6","7","8","8","8","10","Fast Act","0","0","0","0","1","1","5","5","10","","","","","","","","","","","10.00","20.00","Ultra Thunderstorm","NAT","All enemies","Magical","85.00","Lightning","2.50","One group attack (85.00) capped at 99999, causes [Imperil Lightning 20%] for 25 seconds","N","【契】サンダーストーム","161000082"
"Lightning","","Ramuh","VI","6","Magicite: Ramuh","5371","265","232","265","232","232","163","Thunderous Blessing","5","6","7","8","10","12","12","13","15","Stat Boon","4","4","4","6","7","8","8","8","10","","","","","","","","","","","0.01","10.00","Ultra Judgment Bolt","NAT","Lowest HP% enemy","","","Lightning","0.01","One single attack that deals 99999 damage, grants [Buff Lightning 20% (15s)] to all allies","N","【契】裁きの雷","161000098"
"Lightning","","Odin (Ultra Magic)","Core","6","Magicite: Odin (Lightning)","6023","267","260","305","260","260","186","Argent Sage's Blessing","5","6","7","8","10","12","12","13","15","Lord's Seal: Lightning","15","15","15","15","15","15","15","15","15","","","","","","","","","","","0.01","15.00","Ultra Arcane Zantetsuken","BLK","Lowest HP% enemy","Magical","11.00","Fire, Ice, Lightning, Earth, Wind, Water, Holy, Dark, Poison","0.01","One single attack (11.00) capped at 99999, ignores RES","N","【契】斬鉄剣・魔","161000114"
"Lightning","","Odin (Ultra Attack)","Core","6","Magicite: Odin (Lightning)","6023","301","260","267","260","260","186","Argent Sage's Blessing","5","6","7","8","10","12","12","13","15","Lord's Seal: Lightning","15","15","15","15","15","15","15","15","15","","","","","","","","","","","0.01","15.00","Ultra Zantetsuken","PHY","Lowest HP% enemy","Physical","3.70","Fire, Ice, Lightning, Earth, Wind, Water, Holy, Dark, Poison","0.01","One single attack (3.70) capped at 99999, ignores DEF","N","【契】斬鉄剣","161000108"
"Earth","","Earth Elemental","I","1","Magicite Dawn","2578","143","102","186","145","181","87","Empower Earth","1","1","2","3","3","3","3","3","3","","","","","","","","","","","","","","","","","","","","","10.00","20.00","-","NAT","-","","","","2.50","","N","-","161000022"
"Earth","","Clay Golem","I","1","Magicite Dawn","3526","210","163","141","116","119","85","Dampen Earth","1","1","1","1","1","1","1","1","1","","","","","","","","","","","","","","","","","","","","","10.00","20.00","-","NAT","-","","","","2.50","","N","-","161000023"
"Earth","","Ralvuimago","IX","2","Magicite Dawn","3814","214","166","153","165","131","112","Empower Earth","2","2","3","4","5","5","5","5","5","Defense Boon","0","0","0","1","3","5","5","5","5","","","","","","","","","","","10.00","20.00","-","NAT","-","","","","2.50","","N","-","161000024"
"Earth","","Antlion","IX","2","Magicite Dawn","3443","195","166","157","143","171","103","Dampen Earth","2","2","2","2","2","2","2","2","2","Resistance Boon","0","0","0","1","3","5","5","5","5","","","","","","","","","","","10.00","20.00","-","NAT","-","","","","2.50","","N","-","161000025"
"Earth","","Sand Worm","X","3","Magicite Dawn","3771","213","183","173","157","187","120","Empower Earth","3","4","5","6","7","8","8","9","10","Health Boon","0","0","0","0","0","1","1","1","3","","","","","","","","","","","10.00","20.00","-","NAT","-","","","","2.50","","N","-","161000026"
"Earth","","Shell Dragon","IX","3","Magicite Dawn","4298","255","183","192","169","194","116","Empower Earth","3","4","5","6","7","8","8","9","10","Defense Boon","0","0","0","2","5","10","10","10","10","","","","","","","","","","","10.00","20.00","Ultra Earth Shake","NAT","All enemies","Magical","50.40","Earth","2.50","Four group attacks (12.60 each), causes [Imperil Earth 20%] for 25 seconds","N","【契】アースシェイク","161000027"
"Earth","","Golem","V","3","Magicite Dawn","4311","255","198","169","140","142","117","Dampen Earth","3","3","3","3","4","5","5","5","6","Resistance Boon","0","0","0","2","5","10","10","10","10","","","","","","","","","","","10.00","20.00","Ultra Earthen Wall","NAT","All allies","","","","2.50","Grants [Lightning Stoneskin: Magicite 30%]","N","【契】アースウォール","161000028"
"Earth","","Earth Guardian","IX","4","Magicite Dawn, Part 3","4604","245","150","245","185","182","142","Dampen Lightning","4","4","4","6","7","8","8","8","10","Defense Boon","0","0","0","5","10","15","15","15","15","Health Boon","0","0","0","0","0","2","2","2","5","10.00","20.00","Ultra Earthquake","NAT","All enemies","Magical","63.00","Earth","2.50","Five group attacks (12.60 each), grants [Resist Lightning 20% (25s)] to all allies","N","【契】地震","161000066"
"Earth","","Catastrophe","V","4","Magicite Dawn, Part 3","4604","245","150","245","185","182","142","Empower Earth","5","6","7","8","10","12","12","13","15","Attack Boon","0","0","0","5","10","15","15","15","15","Deadly Strikes","0","0","0","0","0","4","4","4","8","10.00","20.00","Ultra Earth Shaker","NAT","All enemies","Magical","63.00","Earth","2.50","Five group attacks (12.60 each), causes [Debuff Lightning 20% (15s)]","N","【契】アースシェイカー","161000067"
"Earth","","Midgardsormr","VI","4","Magicite Dawn, Part 3","4563","255","199","182","197","156","155","Empower Earth","5","6","7","8","10","12","12","13","15","Magic Boon","0","0","0","5","10","15","15","15","15","Fast Act","0","0","0","0","0","4","4","4","8","10.00","20.00","Ultra Abyssal Maw","NAT","All enemies","Magical","63.00","Earth","2.50","Five group attacks (12.60 each), grants [Buff Earth 10% (15s)] to all allies","N","【契】アースサラウンド","161000068"
"Earth","","Adamantoise","XV","5","Magicite Dawn, Part 10","4944","276","215","197","214","169","180","Empower Earth","5","6","7","8","10","12","12","13","15","Defense Boon","0","0","0","10","15","20","20","20","20","","","","","","","","","","","10.00","20.00","Ultra Gaia's Howl","PHY","Lowest HP% enemy","Physical","35.00","Earth","2.50","One single ranged attack (35.00) capped at 99999, grants [Lightning Blink 1] to all allies","N","【契】大地の咆哮","161000091"
"Earth","","Hecatoncheir","XIII","5","Magicite Dawn, Part 10","4733","227","175","276","214","229","148","Dampen Lightning","4","4","4","6","7","8","8","8","10","Resistance Boon","0","0","0","10","15","20","20","20","20","","","","","","","","","","","10.00","20.00","Ultra Gaian Salvo","NAT","Lowest HP% enemy","Magical","98.60","Earth","2.50","One single attack (98.60) capped at 99999, causes [Debuff Lightning 20% (15s)]","N","【契】ガイアサルヴォー","161000092"
"Earth","","Titan","V","6","Magicite: Titan","5371","265","232","265","232","232","163","Earth King's Blessing","5","6","7","8","10","12","12","13","15","Stat Boon","4","4","4","6","7","8","8","8","10","","","","","","","","","","","0.01","10.00","Ultra Gaia's Wrath","NAT","Lowest HP% enemy","","","","0.01","One single attack that deals 99999 damage, grants [Buff Earth 20% (15s)] to all allies","N","【契】大地の怒り","161000097"
"Earth","","Odin (Ultra Magic)","Core","6","Magicite: Odin (Earth)","6023","267","260","305","260","260","186","Argent Sage's Blessing","5","6","7","8","10","12","12","13","15","Lord's Seal: Earth","15","15","15","15","15","15","15","15","15","","","","","","","","","","","0.01","15.00","Ultra Arcane Zantetsuken","BLK","Lowest HP% enemy","Magical","11.00","Fire, Ice, Lightning, Earth, Wind, Water, Holy, Dark, Poison","0.01","One single attack (11.00) capped at 99999, ignores RES","N","【契】斬鉄剣・魔","161000105"
"Earth","","Odin (Ultra Attack)","Core","6","Magicite: Odin (Earth)","6023","301","260","267","260","260","186","Argent Sage's Blessing","5","6","7","8","10","12","12","13","15","Lord's Seal: Earth","15","15","15","15","15","15","15","15","15","","","","","","","","","","","0.01","15.00","Ultra Zantetsuken","PHY","Lowest HP% enemy","Physical","3.70","Fire, Ice, Lightning, Earth, Wind, Water, Holy, Dark, Poison","0.01","One single attack (3.70) capped at 99999, ignores DEF","N","【契】斬鉄剣","161000106"
"Wind","","Rangda","XIII","1","Magicite Dawn","3550","194","140","135","129","133","103","Empower Wind","1","1","2","3","3","3","3","3","3","","","","","","","","","","","","","","","","","","","","","10.00","20.00","-","NAT","-","","","","2.50","","N","-","161000015"
"Wind","","Galypdes","VI","1","Magicite Dawn","2867","184","97","167","140","161","99","Dampen Air","1","1","1","1","1","1","1","1","1","","","","","","","","","","","","","","","","","","","","","10.00","20.00","-","NAT","-","","","","2.50","","N","-","161000016"
"Wind","","Zu","V","2","Magicite Dawn","3165","203","107","184","154","177","120","Empower Wind","2","2","3","4","5","5","5","5","5","Magic Boon","0","0","0","1","3","5","5","5","5","","","","","","","","","","","10.00","20.00","-","NAT","-","","","","2.50","","N","-","161000017"
"Wind","","Rapps","VII","2","Magicite Dawn","3927","213","154","149","142","147","125","Dampen Air","2","2","2","2","2","2","2","2","2","Resistance Boon","0","0","0","1","3","5","5","5","5","","","","","","","","","","","10.00","20.00","-","NAT","-","","","","2.50","","N","-","161000018"
"Wind","","Wing Raptor","V","3","Magicite Dawn","3464","223","117","202","169","194","141","Empower Wind","3","4","5","6","7","8","8","9","10","Fast Act","0","0","0","0","0","3","3","3","5","","","","","","","","","","","10.00","20.00","-","NAT","-","","","","2.50","","N","-","161000019"
"Wind","","Enkidu","V","3","Magicite Dawn","3464","223","117","202","169","194","141","Empower Wind","3","4","5","6","7","8","8","9","10","Magic Boon","0","0","0","2","5","10","10","10","10","","","","","","","","","","","10.00","20.00","Ultra White Wind","NAT","All allies","","","","0.01","Restores HP for 40% of the target's maximum HP, removes negative effects","N","【契】ホワイトウインド","161000020"
"Wind","","Fenrir","VI","3","Magicite Dawn","4002","192","148","234","182","195","112","Dampen Air","3","3","3","3","4","5","5","5","6","Resistance Boon","0","0","0","2","5","10","10","10","10","","","","","","","","","","","10.00","20.00","Ultra Howling Moon","NAT","All allies","","","","2.50","Grants [Physical Blink 1] and [Resist Earth 20% (25s)]","N","【契】ハウリングムーン","161000021"
"Wind","","Sylph","V","4","Magicite Dawn, Part 3","3379","188","134","245","192","238","140","Dampen Earth","4","4","4","6","7","8","8","8","10","Mind Boon","0","0","0","5","10","15","15","15","15","Fast Act","0","0","0","0","0","4","4","4","8","10.00","20.00","Ultra Whisperwind","NAT","Lowest HP% enemy","Magical","21.92","Wind","2.50","Eight single attacks (2.74 each), restores HP (82) to all allies","N","【契】かぜのささやき","161000063"
"Wind","","Silver Dragon","IX","4","Magicite Dawn, Part 3","4693","277","199","208","183","211","136","Empower Wind","5","6","7","8","10","12","12","13","15","Attack Boon","0","0","0","5","10","15","15","15","15","Precise Strikes","0","0","0","0","0","4","4","4","8","10.00","20.00","Ultra Breath Wing","NAT","All enemies","Magical","63.00","Wind","2.50","Five group attacks (12.60 each), grants [Haste] to all allies","N","【契】ブレスウイング","161000064"
"Wind","","Tiamat","IX","4","Magicite Dawn, Part 3","4693","277","199","208","183","211","136","Empower Wind","5","6","7","8","10","12","12","13","15","Magic Boon","0","0","0","5","10","15","15","15","15","Blade Ward","0","0","0","0","0","2","2","2","5","10.00","20.00","Ultra Twister","NAT","All enemies","Magical","63.00","Wind","2.50","Five group attacks (12.60 each), grants [Buff Wind 10% (15s)] to all allies","N","【契】ツイスター","161000065"
"Wind","","Typhon","VI","5","Magicite Dawn, Part 9","4367","271","177","214","195","232","157","Empower Wind","5","6","7","8","10","12","12","13","15","Attack Boon","0","0","0","10","15","20","20","20","20","","","","","","","","","","","10.00","20.00","Ultra Snort","PHY","Lowest HP% enemy","Physical","40.60","Wind","2.50","One single ranged attack (40.60) capped at 99999, causes [Debuff Earth 20% (15s)]","N","【契】はないき","161000089"
"Wind","","Syldra","V","5","Magicite Dawn, Part 9","3918","231","182","234","222","218","162","Dampen Earth","4","4","4","6","7","8","8","8","10","Magic Boon","0","0","0","10","15","20","20","20","20","","","","","","","","","","","10.00","20.00","Ultra Thunderstorm","NAT","All enemies","Magical","85.00","Wind","2.50","One group attack (85.00) capped at 99999, 102.00 multiplier if Faris is alive, causes [Imperil Wind 20%] for 25 seconds","N","【契】サンダーストーム","161000090"
"Wind","","Valefor","X","6","Magicite: Valefor","5371","265","232","265","232","232","163","Majestic Blessing","5","6","7","8","10","12","12","13","15","Stat Boon","4","4","4","6","7","8","8","8","10","","","","","","","","","","","0.01","10.00","Ultra Energy Ray","NAT","Lowest HP% enemy","","","","0.01","One single attack that deals 99999 damage, grants [Buff Wind 20% (15s)] to all allies","N","【契】シューティング・レイ","161000102"
"Water","","Water Flan","X","1","Magicite Dawn","2509","185","166","157","92","166","84","Empower Water","1","1","2","3","3","3","3","3","3","","","","","","","","","","","","","","","","","","","","","10.00","20.00","-","NAT","-","","","","2.50","","N","-","161000036"
"Water","","Sahagin","IV","1","Magicite Dawn","3446","194","151","139","150","119","94","Dampen Water","1","1","1","1","1","1","1","1","1","","","","","","","","","","","","","","","","","","","","","10.00","20.00","-","NAT","-","","","","2.50","","N","-","161000037"
"Water","","Anguiform","VI","2","Magicite Dawn","3043","178","140","181","172","170","104","Empower Water","2","2","3","4","5","5","5","5","5","Mind Boon","0","0","0","1","3","5","5","5","5","","","","","","","","","","","10.00","20.00","-","NAT","-","","","","2.50","","N","-","161000038"
"Water","","Sea Dragon","II","2","Magicite Dawn","3916","232","166","175","154","177","100","Dampen Water","2","2","2","2","2","2","2","2","2","Resistance Boon","0","0","0","1","3","5","5","5","5","","","","","","","","","","","10.00","20.00","-","NAT","-","","","","2.50","","N","-","161000039"
"Water","","Bottomswell","VII","3","Magicite Dawn","3331","195","154","199","189","186","121","Empower Water","3","4","5","6","7","8","8","9","10","Spell Ward","0","0","0","0","0","1","1","1","3","","","","","","","","","","","10.00","20.00","-","NAT","-","","","","2.50","","N","-","161000040"
"Water","","Enki","XIII","3","Magicite Dawn","4304","234","170","162","156","160","147","Empower Water","3","4","5","6","7","8","8","9","10","Mind Boon","0","0","0","2","5","10","10","10","10","","","","","","","","","","","10.00","20.00","Ultra Raging Torrent","NAT","All enemies","Magical","50.40","Water","2.50","Four group attacks (12.60 each), grants [Resist Fire 20% (25s)] to all allies","N","【契】憤怒の波","161000041"
"Water","","Bismarck","VI","3","Magicite Dawn","4002","192","148","234","182","195","112","Dampen Water","3","3","3","3","4","5","5","5","6","Resistance Boon","0","0","0","2","5","10","10","10","10","","","","","","","","","","","10.00","20.00","Ultra Breach Blast","NAT","All enemies","Magical","50.40","Water","0.01","Four group attacks (12.60 each), grants [Fire Blink 1] to all allies","N","【契】バブルブロウ","161000042"
"Water","","Gizamaluke","IX","4","Magicite Dawn, Part 3","3624","213","167","216","205","202","142","Dampen Fire","4","4","4","6","7","8","8","8","10","Resistance Boon","0","0","0","5","10","15","15","15","15","Spell Ward","0","0","0","0","0","2","2","2","5","10.00","20.00","Ultra Tsunami","NAT","All enemies","Magical","63.00","Water","2.50","Five group attacks (12.60 each), causes [Debuff Fire 20% (15s)]","N","【契】つなみ","161000072"
"Water","","Octomammoth","IV","4","Magicite Dawn, Part 3","3624","213","167","216","205","202","142","Empower Water","5","6","7","8","10","12","12","13","15","Magic Boon","0","0","0","5","10","15","15","15","15","Health Boon","0","0","0","0","0","2","2","2","5","10.00","20.00","Ultra Tentacles","PHY","Lowest HP% enemy","Physical","20.16","Water","2.50","Eight single attacks (2.52 each), grants [Buff Water 10% (15s)] to all allies","N","【契】たこあし","161000073"
"Water","","Kraken","IX","4","Magicite Dawn, Part 3","3289","244","220","206","121","217","127","Empower Water","5","6","7","8","10","12","12","13","15","Attack Boon","0","0","0","5","10","15","15","15","15","Blade Ward","0","0","0","0","0","2","2","2","5","10.00","20.00","Ultra Aqua Breath","NAT","All enemies","Magical","63.00","Water","2.50","Five group attacks (12.60 each), causes [Imperil Water 20%] for 25 seconds","N","【契】アクアブレス","161000074"
"Water","","Geosgaeno","X","5","Magicite Dawn, Part 6","4733","227","175","276","214","229","148","Empower Water","5","6","7","8","10","12","12","13","15","Blade Ward","0","0","0","0","4","4","4","4","8","","","","","","","","","","","10.00","20.00","Ultra Regurgitate","PHY","Lowest HP% enemy","Physical","40.60","Water","2.50","One single ranged attack (40.60) capped at 99999, grants [Buff Water 10% (15s)] to all allies","N","【契】吐き出し","161000083"
"Water","","Famfrit","XII","5","Magicite Dawn, Part 6","4733","227","175","276","214","229","148","Dampen Fire","4","4","4","6","7","8","8","8","10","Spell Ward","0","0","0","0","4","4","4","4","8","","","","","","","","","","","10.00","20.00","Ultra Briny Cannonade","NAT","Lowest HP% enemy","Magical","98.60","Water","2.50","One single attack (98.60) capped at 99999, grants [Fire Stoneskin: Magicite 30%] to all allies","N","【契】蒼の砲撃","161000084"
"Water","","Leviathan","V","6","Magicite: Leviathan","5371","265","232","265","232","232","163","Imperial Blessing","5","6","7","8","10","12","12","13","15","Stat Boon","4","4","4","6","7","8","8","8","10","","","","","","","","","","","0.01","10.00","Ultra Tidal Wave","NAT","Lowest HP% enemy","","","","0.01","One single attack that deals 99999 damage, grants [Buff Water 20% (15s)] to all allies","N","【契】タイダルウエイブ","161000099"
"Water","","Odin (Ultra Magic)","Core","6","Magicite: Odin (Water)","6023","267","260","305","260","260","186","Argent Sage's Blessing","5","6","7","8","10","12","12","13","15","Lord's Seal: Water","15","15","15","15","15","15","15","15","15","","","","","","","","","","","0.01","15.00","Ultra Arcane Zantetsuken","BLK","Lowest HP% enemy","Magical","11.00","Fire, Ice, Lightning, Earth, Wind, Water, Holy, Dark, Poison","0.01","One single attack (11.00) capped at 99999, ignores RES","N","【契】斬鉄剣・魔","161000105"
"Water","","Odin (Ultra Attack)","Core","6","Magicite: Odin (Water)","6023","301","260","267","260","260","186","Argent Sage's Blessing","5","6","7","8","10","12","12","13","15","Lord's Seal: Water","15","15","15","15","15","15","15","15","15","","","","","","","","","","","0.01","15.00","Ultra Zantetsuken","PHY","Lowest HP% enemy","Physical","3.70","Fire, Ice, Lightning, Earth, Wind, Water, Holy, Dark, Poison","0.01","One single attack (3.70) capped at 99999, ignores DEF","N","【契】斬鉄剣","161000106"
"Holy","","Cure Beast","V","1","Magicite Dawn, Part 2","3350","194","140","135","129","133","103","Empower Holy","1","1","2","3","3","3","3","3","3","","","","","","","","","","","","","","","","","","","","","10.00","20.00","-","NAT","-","","","","2.50","","N","-","161000043"
"Holy","","Fairy Orc","V","1","Magicite Dawn, Part 2","2578","143","102","186","145","181","87","Dampen Light","2","2","2","2","2","2","2","2","2","","","","","","","","","","","","","","","","","","","","","10.00","20.00","-","NAT","-","","","","2.50","","N","-","161000044"
"Holy","","Nymph","IX","2","Magicite Dawn, Part 2","2924","171","101","200","175","178","103","Empower Holy","2","2","3","4","5","5","5","5","5","Mind Boon","0","0","0","1","3","5","5","5","5","","","","","","","","","","","10.00","20.00","-","NAT","-","","","","2.50","","N","-","161000045"
"Holy","","White Flame","V","2","Magicite Dawn, Part 2","2843","158","113","205","160","199","103","Dampen Light","2","2","2","2","2","2","2","2","2","Resistance Boon","0","0","0","1","3","5","5","5","5","","","","","","","","","","","10.00","20.00","-","NAT","-","","","","2.50","","N","-","161000046"
"Holy","","Kirin","VI","3","Magicite Dawn, Part 2","4002","192","148","234","182","195","112","Empower Holy","3","4","5","6","7","8","8","9","10","Healing Boon","0","0","0","0","0","3","3","3","5","","","","","","","","","","","10.00","20.00","-","NAT","-","","","","2.50","","N","-","161000047"
"Holy","","Unicorn","VI","3","Magicite Dawn, Part 2","4002","192","148","234","182","195","112","Empower Holy","3","4","5","6","7","8","8","9","10","Mind Boon","0","0","0","2","5","10","10","10","10","","","","","","","","","","","10.00","20.00","Ultra Healing Horn","NAT","All allies","","","","2.50","Grants [High Regen] and [Astra]","N","【契】ヒールホーン","161000048"
"Holy","","Mist Dragon","IV","3","Magicite Dawn, Part 2","4298","255","183","192","169","194","116","Dampen Light","3","3","3","4","5","6","6","6","6","Resistance Boon","0","0","0","2","5","10","10","10","10","","","","","","","","","","","10.00","20.00","Ultra Mist Breath","NAT","All enemies","Magical","50.40","Holy","2.50","Four group attacks (12.60 each), grants [Resist Dark 20% (25s)] to all allies","N","【契】霧のブレス","161000049"
"Holy","","Seraph","VI","4","Magicite Dawn, Part 4","3379","188","134","245","192","238","140","Dampen Dark","4","4","4","6","7","8","8","8","10","Mind Boon","0","0","0","5","10","15","15","15","15","Health Boon","0","0","0","0","1","1","3","3","5","10.00","20.00","Ultra Angel Feathers","WHT","All enemies","","","","2.50","Causes [Status Chance -10%] for 15 seconds, restores HP (82) to all allies","N","【契】エンジェルフェザー","161000075"
"Holy","","Evrae","X","4","Magicite Dawn, Part 4","4693","277","199","208","183","211","136","Empower Holy","5","6","7","8","10","12","12","13","15","Attack Boon","0","0","0","5","10","15","15","15","15","Surging Power","0","0","0","0","1","1","5","5","10","10.00","20.00","Ultra Photon Spray","NAT","Random enemies","Magical","78.80","Holy","2.50","Eight random attacks (9.85 each), causes [Debuff Dark 20% (15s)]","N","【契】光弾","161000076"
"Holy","","Siren","V","4","Magicite Dawn, Part 4","3379","188","134","245","192","238","140","Empower Holy","5","6","7","8","10","12","12","13","15","Mind Boon","0","0","0","5","10","15","15","15","15","Healing Boon","0","0","0","0","0","5","5","5","10","10.00","20.00","Ultra Lunatic Voice","NAT","All enemies","Magical","63.00","Holy","2.50","Five group attacks (12.60 each), grants [Buff Holy 10% (15s)] to all allies","N","【契】ルナティックボイス","161000077"
"Holy","","Madeen","IX","5","Magicite Dawn, Part 11","4367","271","177","214","195","232","157","Empower Holy","5","6","7","8","10","12","12","13","15","Surging Power","0","0","0","0","1","1","10","10","15","","","","","","","","","","","10.00","20.00","Ultra Terra Homing","PHY","Lowest HP% enemy","Physical","40.60","Holy","2.50","One single ranged attack (40.60) capped at 99999, causes [Debuff Dark 20% (15s)]","N","【契】テラホーミング","161000093"
"Holy","","Lakshmi","VI","5","Magicite Dawn, Part 11","3649","204","145","265","208","258","161","Dampen Dark","4","4","4","6","7","8","8","8","10","Healing Boon","0","0","0","0","0","10","10","10","15","","","","","","","","","","","10.00","20.00","Ultra Alluring Embrace","NAT","All enemies","Magical","85.00","Holy","2.50","One single attack (85.00) capped at 99999, grants [Astra] to all allies","N","【契】みわくのほうよう","161000094"
"Holy","","Alexander","VI","6","Magicite: Alexander","5371","265","232","265","232","232","163","Sanctified Blessing","5","6","7","8","10","12","12","13","15","Stat Boon","4","4","4","6","7","8","8","8","10","","","","","","","","","","","0.01","20.00","Ultra Divine Judgment","NAT","Lowest HP% enemy","","","","0.01","One single attack that deals 99999 damage, grants [Buff Holy 20% (15s)] to all allies","N","【契】聖なるしんぱん","161000103"
"Dark","","Lilith","IV","1","Magicite Dawn, Part 2","3477","186","115","186","141","139","88","Empower Dark","1","1","2","3","3","3","3","3","3","","","","","","","","","","","","","","","","","","","","","10.00","20.00","-","NAT","-","","","","2.50","","N","-","161000050"
"Dark","","Forbidden","VIII","1","Magicite Dawn, Part 2","3395","186","151","184","121","118","96","Dampen Dark","2","2","2","2","2","2","2","2","2","","","","","","","","","","","","","","","","","","","","","10.00","20.00","-","NAT","-","","","","2.50","","N","-","161000051"
"Dark","","Etém","XII","2","Magicite Dawn, Part 2","3848","205","127","205","155","153","104","Empower Dark","2","2","3","4","5","5","5","5","5","Attack Boon","0","0","0","1","3","5","5","5","5","","","","","","","","","","","10.00","20.00","-","NAT","-","","","","2.50","","N","-","161000052"
"Dark","","Ghoul","FFT","2","Magicite Dawn, Part 2","3762","205","166","203","134","130","109","Dampen Dark","2","2","2","2","2","2","2","2","2","Defense Boon","0","0","0","1","3","5","5","5","5","","","","","","","","","","","10.00","20.00","-","NAT","-","","","","2.50","","N","-","161000053"
"Dark","","Darkmare","XII","3","Magicite Dawn, Part 2","3201","187","110","220","192","195","120","Empower Dark","3","4","5","6","7","8","8","9","10","Hand of Vengeance","0","0","0","0","1","1","5","5","10","Healing Damper","0","0","0","0","0","0","3","3","5","10.00","20.00","-","NAT","-","","","","2.50","","N","-","161000054"
"Dark","","Phantom","VI","3","Magicite Dawn, Part 2","4002","192","148","234","182","195","112","Empower Dark","3","4","5","6","7","8","8","9","10","Attack Boon","0","0","0","2","5","10","10","10","10","","","","","","","","","","","10.00","20.00","Ultra Ghostly Veil","NAT","All allies","","","","2.50","Grants [Holy Blink 1] and [Resist Holy 20% (25s)]","N","【契】バニシングボディー","161000055"
"Dark","","Shadow Dragon","IV","3","Magicite Dawn, Part 2","4298","255","183","192","169","194","116","Dampen Dark","3","3","3","4","5","6","6","6","6","Defense Boon","0","0","0","2","5","10","10","10","10","","","","","","","","","","","10.00","20.00","Ultra Black Fang","PHY","Random enemy without status","Physical","18.00","Dark","2.50","Six single attacks (3.00 each), causes Sap (100%), causes [Imperil Dark 20%] for 25 seconds","N","【契】黒い牙","161000056"
"Dark","","Dragon Zombie","VII","4","Magicite Dawn, Part 4","4511","245","199","242","159","155","136","Empower Dark","5","6","7","8","10","12","12","13","15","Attack Boon","0","0","0","5","10","15","15","15","15","Damage Push","0","0","0","0","1","1","5","5","10","10.00","20.00","Ultra Shadow Flare","NAT","All enemies","Magical","63.00","Dark","2.50","Five group attacks (12.60 each), causes [Debuff Holy 20% (15s)]","N","【契】シャドウフレア","161000078"
"Dark","","Necrophobe","V","4","Magicite Dawn, Part 4","3484","203","120","240","209","212","140","Dampen Light","4","4","4","6","7","8","8","8","10","Defense Boon","0","0","0","5","10","15","15","15","15","Spell Ward","0","0","0","0","0","2","2","2","5","10.00","20.00","Ultra Flare","NAT","Lowest HP% enemy","Magical","78.72","Dark","2.50","Eight single attacks (9.84 each), grants [Holy Stoneskin: Magicite 30%] to all allies","N","【契】フレア","161000079"
"Dark","","Hades","VII","4","Magicite Dawn, Part 4","4604","245","150","245","185","182","142","Empower Dark","5","6","7","8","10","12","12","13","15","Hand of Vengeance","0","0","0","0","1","1","10","10","15","Healing Damper","0","0","0","0","0","0","5","5","10","10.00","20.00","Ultra Black Cauldron","NAT","All enemies","Magical","63.00","Dark","2.50","Five group attacks (12.60 each), causes [Poison], [Confuse], [Sleep], [Paralyze], [Silence] and [Slow] (10%), grants [Buff Dark 10% (15s)] to all allies","N","【契】暗黒の釜","161000080"
"Dark","","Ark","IX","5","Magicite Dawn, Part 12","5267","259","249","203","145","187","182","Empower Dark","5","6","7","8","10","12","12","13","15","Mind Boon","0","0","0","10","15","20","20","20","20","","","","","","","","","","","10.00","20.00","Ultra Eternal Darkness","PHY","Lowest HP% enemy","Physical","40.60","Dark","2.50","One single ranged attack (40.60) capped at 99999, grants [Holy Blink 1] to all allies","N","【契】暗黒の運命","161000095"
"Dark","","Deathgaze","VI","5","Magicite Dawn, Part 12","4987","265","163","265","199","197","162","Dampen Light","4","4","4","6","7","8","8","8","10","Hand of Vengeance","0","0","0","0","1","1","10","10","15","","","","","","","","","","","10.00","20.00","Ultra Ominous Encounter","NAT","All enemies","Magical","85.00","Dark","2.50","One group attack (85.00) capped at 99999, causes [Debuff Holy 20% (15s)]","N","【契】不吉なる邂逅","161000096"
"Dark","","Diablos","XI","6","Magicite: Diablos","5371","265","232","265","232","232","163","Gloomshade Blessing","5","6","7","8","10","12","12","13","15","Stat Boon","4","4","4","6","7","8","8","8","10","","","","","","","","","","","0.01","20.00","Ultra Ruinous Omen","NAT","Lowest HP% enemy","","","","0.01","One single attack that deals 99999 damage, grants [Buff Dark 20% (15s)] to all allies","N","【契】ルイナスオーメン","161000104"
"Poison","","Ultros","VI","6","Knight King's Memory","7151","354","321","354","321","321","163","Poison Blessing","5","6","7","8","10","12","12","13","15","Stat Boon","4","4","4","6","7","8","8","8","10","","","","","","","","","","","0.01","20.00","?","NAT","Lowest HP% enemy","","","","0.01","One single attack that deals 99999 damage, grants [Buff Poison 20% (15s)] to all allies","N","?","161000149"
"Poison","","Odin (Ultra Magic)","Core","6","Knight King's Memory","6023","267","260","305","260","260","186","Argent Sage's Blessing","5","6","7","8","10","12","12","13","15","Lord's Seal: Poison","15","15","15","15","15","15","15","15","15","","","","","","","","","","","0.01","15.00","Ultra Arcane Zantetsuken","BLK","Lowest HP% enemy","Magical","11.00","Fire, Ice, Lightning, Earth, Wind, Water, Holy, Dark, Poison","0.01","One single attack (11.00) capped at 99999, ignores RES","N","【契】斬鉄剣・魔","161000152"
"Poison","","Odin (Ultra Attack)","Core","6","Knight King's Memory","6023","301","260","267","260","260","186","Argent Sage's Blessing","5","6","7","8","10","12","12","13","15","Lord's Seal: Poison","15","15","15","15","15","15","15","15","15","","","","","","","","","","","0.01","15.00","Ultra Zantetsuken","PHY","Lowest HP% enemy","Physical","3.70","Fire, Ice, Lightning, Earth, Wind, Water, Holy, Dark, Poison","0.01","One single attack (3.70) capped at 99999, ignores DEF","N","【契】斬鉄剣","161000153"
"-","","Empower Fire (Lv 12)","-","5","Fat Black Chocobo: Shocking Forgery","3800","204","173","193","174","183","87","Empower Fire","0","0","0","0","0","0","0","0","12","","","","","","","","","","","","","","","","","","","","","","","-","-","-","","","","","","","","161000121"
"-","","Empower Ice (Lv 12)","-","5","Fat Black Chocobo: Shocking Forgery","3800","204","173","193","174","183","87","Empower Ice","0","0","0","0","0","0","0","0","12","","","","","","","","","","","","","","","","","","","","","","","-","-","-","","","","","","","","161000122"
"-","","Empower Wind (Lv 12)","-","5","Fat Black Chocobo: Shocking Forgery","3800","204","173","193","174","183","87","Empower Wind","0","0","0","0","0","0","0","0","12","","","","","","","","","","","","","","","","","","","","","","","-","-","-","","","","","","","","161000123"
"-","","Empower Earth (Lv 12)","-","5","Fat Black Chocobo: Shocking Forgery","3800","204","173","193","174","183","87","Empower Earth","0","0","0","0","0","0","0","0","12","","","","","","","","","","","","","","","","","","","","","","","-","-","-","","","","","","","","161000124"
"-","","Empower Lightning (Lv 12)","-","5","Fat Black Chocobo: Shocking Forgery","3800","204","173","193","174","183","87","Empower Lightning","0","0","0","0","0","0","0","0","12","","","","","","","","","","","","","","","","","","","","","","","-","-","-","","","","","","","","161000125"
"-","","Empower Water (Lv 12)","-","5","Fat Black Chocobo: Shocking Forgery","3800","204","173","193","174","183","87","Empower Water","0","0","0","0","0","0","0","0","12","","","","","","","","","","","","","","","","","","","","","","","-","-","-","","","","","","","","161000126"
"-","","Empower Holy (Lv 12)","-","5","Fat Black Chocobo: Shocking Forgery","3800","204","173","193","174","183","87","Empower Holy","0","0","0","0","0","0","0","0","12","","","","","","","","","","","","","","","","","","","","","","","-","-","-","","","","","","","","161000127"
"-","","Empower Dark (Lv 12)","-","5","Fat Black Chocobo: Shocking Forgery","3800","204","173","193","174","183","87","Empower Dark","0","0","0","0","0","0","0","0","12","","","","","","","","","","","","","","","","","","","","","","","-","-","-","","","","","","","","161000128"
"-","","Dampen Poison (Lv 8)","-","5","Knight King's Memory","3800","204","173","193","174","183","87","Empower Poison","0","0","0","0","0","0","0","0","12","","","","","","","","","","","","","","","","","","","","","","","-","-","-","","","","","","","","161000150"
"-","","Dampen Fire (Lv 8)","-","5","Fat Black Chocobo: Shocking Forgery","3800","204","173","193","174","183","87","Dampen Fire","0","0","0","0","0","0","0","0","8","","","","","","","","","","","","","","","","","","","","","","","-","-","-","","","","","","","","161000129"
"-","","Dampen Ice (Lv 8)","-","5","Fat Black Chocobo: Shocking Forgery","3800","204","173","193","174","183","87","Dampen Ice","0","0","0","0","0","0","0","0","8","","","","","","","","","","","","","","","","","","","","","","","-","-","-","","","","","","","","161000130"
"-","","Dampen Wind (Lv 8)","-","5","Fat Black Chocobo: Shocking Forgery","3800","204","173","193","174","183","87","Dampen Wind","0","0","0","0","0","0","0","0","8","","","","","","","","","","","","","","","","","","","","","","","-","-","-","","","","","","","","161000131"
"-","","Dampen Earth (Lv 8)","-","5","Fat Black Chocobo: Shocking Forgery","3800","204","173","193","174","183","87","Dampen Earth","0","0","0","0","0","0","0","0","8","","","","","","","","","","","","","","","","","","","","","","","-","-","-","","","","","","","","161000132"
"-","","Dampen Lightning (Lv 8)","-","5","Fat Black Chocobo: Shocking Forgery","3800","204","173","193","174","183","87","Dampen Lightning","0","0","0","0","0","0","0","0","8","","","","","","","","","","","","","","","","","","","","","","","-","-","-","","","","","","","","161000133"
"-","","Dampen Water (Lv 8)","-","5","Fat Black Chocobo: Shocking Forgery","3800","204","173","193","174","183","87","Dampen Water","0","0","0","0","0","0","0","0","8","","","","","","","","","","","","","","","","","","","","","","","-","-","-","","","","","","","","161000134"
"-","","Dampen Holy (Lv 8)","-","5","Fat Black Chocobo: Shocking Forgery","3800","204","173","193","174","183","87","Dampen Holy","0","0","0","0","0","0","0","0","8","","","","","","","","","","","","","","","","","","","","","","","-","-","-","","","","","","","","161000135"
"-","","Dampen Dark (Lv 8)","-","5","Fat Black Chocobo: Shocking Forgery","3800","204","173","193","174","183","87","Dampen Dark","0","0","0","0","0","0","0","0","8","","","","","","","","","","","","","","","","","","","","","","","-","-","-","","","","","","","","161000136"
"-","","Dampen Poison (Lv 8)","-","5","Knight King's Memory","3800","204","173","193","174","183","87","Dampen Poison","0","0","0","0","0","0","0","0","8","","","","","","","","","","","","","","","","","","","","","","","-","-","-","","","","","","","","161000151"
"-","","Health Boon (Lv 6)","-","5","Fat Black Chocobo: Shocking Forgery","3800","204","173","193","174","183","87","Health Boon","0","0","0","0","0","0","0","0","6","","","","","","","","","","","","","","","","","","","","","","","-","-","-","","","","","","","","161000137"
"-","","Blade Ward (Lv 6)","-","5","Fat Black Chocobo: Shocking Forgery","3800","204","173","193","174","183","87","Blade Ward","0","0","0","0","0","0","0","0","6","","","","","","","","","","","","","","","","","","","","","","","-","-","-","","","","","","","","161000138"
"-","","Spell Ward (Lv 6)","-","5","Fat Black Chocobo: Shocking Forgery","3800","204","173","193","174","183","87","Spell Ward","0","0","0","0","0","0","0","0","6","","","","","","","","","","","","","","","","","","","","","","","-","-","-","","","","","","","","161000139"
"-","","Fast Act (Lv 8)","-","5","Fat Black Chocobo: Shocking Forgery","3800","204","173","193","174","183","87","Fast Act","0","0","0","0","0","0","0","0","8","","","","","","","","","","","","","","","","","","","","","","","-","-","-","","","","","","","","161000140"
"-","","Precise Strikes (Lv 8)","-","5","Fat Black Chocobo: Shocking Forgery","3800","204","173","193","174","183","87","Precise Strikes","0","0","0","0","0","0","0","0","8","","","","","","","","","","","","","","","","","","","","","","","-","-","-","","","","","","","","161000141"
"-","","Deadly Strikes (Lv 8)","-","5","Fat Black Chocobo: Shocking Forgery","3800","204","173","193","174","183","87","Deadly Strikes","0","0","0","0","0","0","0","0","8","","","","","","","","","","","","","","","","","","","","","","","-","-","-","","","","","","","","161000142"
"-","","Attack Boon (Lv 16)","-","5","Fat Black Chocobo: Shocking Forgery","3800","204","173","193","174","183","87","Attack Boon","0","0","0","0","0","0","0","0","16","","","","","","","","","","","","","","","","","","","","","","","-","-","-","","","","","","","","161000143"
"-","","Magic Boon (Lv 16)","-","5","Fat Black Chocobo: Shocking Forgery","3800","204","173","193","174","183","87","Magic Boon","0","0","0","0","0","0","0","0","16","","","","","","","","","","","","","","","","","","","","","","","-","-","-","","","","","","","","161000144"
"-","","Healing Boon (Lv 12)","-","5","Fat Black Chocobo: Shocking Forgery","3800","204","173","193","174","183","87","Healing Boon","0","0","0","0","0","0","0","0","12","","","","","","","","","","","","","","","","","","","","","","","-","-","-","","","","","","","","161000145"
"-","","Resistance Boon (Lv 16)","-","5","Fat Black Chocobo: Shocking Forgery","3800","204","173","193","174","183","87","Resistance Boon","0","0","0","0","0","0","0","0","16","","","","","","","","","","","","","","","","","","","","","","","-","-","-","","","","","","","","161000146"
"-","","Mind Boon (Lv 16)","-","5","Fat Black Chocobo: Shocking Forgery","3800","204","173","193","174","183","87","Mind Boon","0","0","0","0","0","0","0","0","16","","","","","","","","","","","","","","","","","","","","","","","-","-","-","","","","","","","","161000147"
"-","","Defense Boon (Lv 16)","-","5","Fat Black Chocobo: Shocking Forgery","3800","204","173","193","174","183","87","Defense Boon","0","0","0","0","0","0","0","0","16","","","","","","","","","","","","","","","","","","","","","","","-","-","-","","","","","","","","161000148"
"","","","","","","","","","","","","","","","","","","","","","","","","","","","","","","","","","","","","","","","","","","","","","","","","","","","","","","",""
"","","","","","","","","","","","","","","","","","","","","","","","","","","","","","","","","","","","","","","","","","","","","","","","","","","","","","","",""
"","","","","","","","","","","","","","","","","","","","","","","","","","","","","","","","","","","","","","","","","","","","","","","","","","","","","","","",""
"","","","","Passives Reference:","","","","","","","","","","","","","","","","","","","","","","","","","","","","","","","","","","","","","","","","","","","","","","","","","","",""
"","","","","* Empower Fire (lv X): Increases party Fire damage dealt by X%","","","","","","","","","","","","","","","","","","","","","","","","","","","","","","","","","","","","","","","","","","","","","","","","","","",""
"","","","","* Empower Ice (lv X): Increases party Ice damage dealt by X%","","","","","","","","","","","","","","","","","","","","","","","","","","","","","","","","","","","","","","","","","","","","","","","","","","",""
"","","","","* Empower Lightning (lv X): Increases party Lightning damage dealt by X%","","","","","","","","","","","","","","","","","","","","","","","","","","","","","","","","","","","","","","","","","","","","","","","","","","",""
"","","","","* Empower Earth (lv X): Increases party Earth damage dealt by X%","","","","","","","","","","","","","","","","","","","","","","","","","","","","","","","","","","","","","","","","","","","","","","","","","","",""
"","","","","* Empower Wind (lv X): Increases party Wind damage dealt by X%","","","","","","","","","","","","","","","","","","","","","","","","","","","","","","","","","","","","","","","","","","","","","","","","","","",""
"","","","","* Empower Water (lv X): Increases party Water damage dealt by X%","","","","","","","","","","","","","","","","","","","","","","","","","","","","","","","","","","","","","","","","","","","","","","","","","","",""
"","","","","* Empower Holy (lv X): Increases party Holy damage dealt by X%","","","","","","","","","","","","","","","","","","","","","","","","","","","","","","","","","","","","","","","","","","","","","","","","","","",""
"","","","","* Empower Dark (lv X): Increases party Dark damage dealt by X%","","","","","","","","","","","","","","","","","","","","","","","","","","","","","","","","","","","","","","","","","","","","","","","","","","",""
"","","","","* Empower Poison (lv X): Increases party Poison damage dealt by X%","","","","","","","","","","","","","","","","","","","","","","","","","","","","","","","","","","","","","","","","","","","","","","","","","","",""
"","","","","* Dampen Fire (lv X): Reduces party Fire damage taken by X%","","","","","","","","","","","","","","","","","","","","","","","","","","","","","","","","","","","","","","","","","","","","","","","","","","",""
"","","","","* Dampen Blizzard (lv X): Reduces party Ice damage taken by X%","","","","","","","","","","","","","","","","","","","","","","","","","","","","","","","","","","","","","","","","","","","","","","","","","","",""
"","","","","* Dampen Lightning (lv X): Reduces party Lightning damage taken by X%","","","","","","","","","","","","","","","","","","","","","","","","","","","","","","","","","","","","","","","","","","","","","","","","","","",""
"","","","","* Dampen Earth (lv X): Reduces party Earth damage taken by X%","","","","","","","","","","","","","","","","","","","","","","","","","","","","","","","","","","","","","","","","","","","","","","","","","","",""
"","","","","* Dampen Air (lv X): Reduces party Wind damage taken by X%","","","","","","","","","","","","","","","","","","","","","","","","","","","","","","","","","","","","","","","","","","","","","","","","","","",""
"","","","","* Dampen Water (lv X): Reduces party Water damage taken by X%","","","","","","","","","","","","","","","","","","","","","","","","","","","","","","","","","","","","","","","","","","","","","","","","","","",""
"","","","","* Dampen Light (lv X): Reduces party Holy damage taken by X%","","","","","","","","","","","","","","","","","","","","","","","","","","","","","","","","","","","","","","","","","","","","","","","","","","",""
"","","","","* Dampen Dark (lv X): Reduces party Dark damage taken by X%","","","","","","","","","","","","","","","","","","","","","","","","","","","","","","","","","","","","","","","","","","","","","","","","","","",""
"","","","","* Dampen Poison (lv X): Reduces party Poison damage taken by X%","","","","","","","","","","","","","","","","","","","","","","","","","","","","","","","","","","","","","","","","","","","","","","","","","","",""
"","","","","* Health Boon (lv X): Increases party max HP by X% of the magicites total max HP (100% main, 50% sub)","","","","","","","","","","","","","","","","","","","","","","","","","","","","","","","","","","","","","","","","","","","","","","","","","","",""
"","","","","* Attack Boon (lv X): Increases party ATK by X% of the magicites total ATK (100% main, 50% sub), after modifiers","","","","","","","","","","","","","","","","","","","","","","","","","","","","","","","","","","","","","","","","","","","","","","","","","","",""
"","","","","* Defense Boon (lv X): Increases party DEF by X% of the magicites total DEF (100% main, 50% sub), after modifiers","","","","","","","","","","","","","","","","","","","","","","","","","","","","","","","","","","","","","","","","","","","","","","","","","","",""
"","","","","* Magic Boon (lv X): Increases party MAG by X% of the magicites total MAG (100% main, 50% sub), after modifiers","","","","","","","","","","","","","","","","","","","","","","","","","","","","","","","","","","","","","","","","","","","","","","","","","","",""
"","","","","* Resistance Boon (lv X): Increases party RES by X% of the magicites total RES (100% main, 50% sub), after modifiers","","","","","","","","","","","","","","","","","","","","","","","","","","","","","","","","","","","","","","","","","","","","","","","","","","",""
"","","","","* Mind Boon (lv X): Increases party MND by X% of the magicites total MND (100% main, 50% sub), after modifiers","","","","","","","","","","","","","","","","","","","","","","","","","","","","","","","","","","","","","","","","","","","","","","","","","","",""
"","","","","* Blade Ward (lv X): Reduces party physical damage taken from PHY or NAT attacks by X%","","","","","","","","","","","","","","","","","","","","","","","","","","","","","","","","","","","","","","","","","","","","","","","","","","",""
"","","","","* Spell Ward (lv X): Reduces party magical damage taken from BLK, WHT, BLU, SUM or NAT attacks by X%","","","","","","","","","","","","","","","","","","","","","","","","","","","","","","","","","","","","","","","","","","","","","","","","","","",""
"","","","","* Precise Strikes (lv X): Increases party critical chance by X% (additive with other critical chance modifiers)","","","","","","","","","","","","","","","","","","","","","","","","","","","","","","","","","","","","","","","","","","","","","","","","","","",""
"","","","","* Deadly Strikes (lv X): Increases party critical damage by X% (additive with the default +50% and other critical damage modifiers)","","","","","","","","","","","","","","","","","","","","","","","","","","","","","","","","","","","","","","","","","","","","","","","","","","",""
"","","","","* Fast Act (lv X): Increases party cast speed by X%","","","","","","","","","","","","","","","","","","","","","","","","","","","","","","","","","","","","","","","","","","","","","","","","","","",""
"","","","","* Healing Boon (lv X): Increases all HP restored to the party by X%","","","","","","","","","","","","","","","","","","","","","","","","","","","","","","","","","","","","","","","","","","","","","","","","","","",""
"","","","","* Healing Damper (lv X): Decreases all HP restored to the party by X%","","","","","","","","","","","","","","","","","","","","","","","","","","","","","","","","","","","","","","","","","","","","","","","","","","",""
"","","","","* Hand of Vengeance (lv X): Increases party damage dealt by X*(1-HP%)^3 percent, where HP% is the character's current HP rate","","","","","","","","","","","","","","","","","","","","","","","","","","","","","","","","","","","","","","","","","","","","","","","","","","",""
"","","","","* Surging Power (lv X): Increases party damage dealt by X*HP/10000 percent, where HP is the character's current amount of HP (max +X%, reached at 10000 HP)","","","","","","","","","","","","","","","","","","","","","","","","","","","","","","","","","","","","","","","","","","","","","","","","","","",""
"","","","","* Damage Push (lv X): Increases party damage dealt by X%, acting and taking damage grants 25% less SB points","","","","","","","","","","","","","","","","","","","","","","","","","","","","","","","","","","","","","","","","","","","","","","","","","","",""
"","","","","* Stat Boon (lv X): Increases party ATK, DEF, MAG, RES and MND by X% of the respective magicites total stats (100% main, 50% sub), after modifiers","","","","","","","","","","","","","","","","","","","","","","","","","","","","","","","","","","","","","","","","","","","","","","","","","","",""
"","","","","* Earth King's Blessing (lv X): Increases party Earth Damage dealt by X%, reduces party Earth damage taken by X%, increases party damage dealt to Titan by 10% and reduces party Earth damage taken from Titan by 10%, increases party damage dealt to White Odin by 30% and reduces White Odin's current element damage party damage taken from White Odin by 30%","","","","","","","","","","","","","","","","","","","","","","","","","","","","","","","","","","","","","","","","","","","","","","","","","","",""
"","","","","* Thunderous Blessing (lv X): Increases party Lightning Damage dealt by X%, reduces party Lightning damage taken by X%, increases party damage dealt to Ramuh by 10% and reduces Lightning party damage taken from Ramuh by 10%, increases party damage dealt to White Odin by 30% and reduces White Odin's current element damage party damage taken from White Odin by 30%","","","","","","","","","","","","","","","","","","","","","","","","","","","","","","","","","","","","","","","","","","","","","","","","","","",""
"","","","","* Imperial Blessing (lv X): Increases party Water Damage dealt by X%, reduces party Water damage taken by X%, increases party damage dealt to Leviathan by 10% and reduces Water party damage taken from Leviathan by 10%, increases party damage dealt to White Odin by 30% and reduces White Odin's current element damage party damage taken from White Odin by 30%","","","","","","","","","","","","","","","","","","","","","","","","","","","","","","","","","","","","","","","","","","","","","","","","","","",""
"","","","","* Perdition's Blessing (lv X): Increases party Fire Damage dealt by X%, reduces party Fire damage taken by X%, increases party damage dealt to Ifrit by 10% and reduces Fire party damage taken from Ifrit by 10%, increases party damage dealt to White Odin by 30% and reduces White Odin's current element damage party damage taken from White Odin by 30%","","","","","","","","","","","","","","","","","","","","","","","","","","","","","","","","","","","","","","","","","","","","","","","","","","",""
"","","","","* Hoarfrost Blessing (lv X): Increases party Ice Damage dealt by X%, reduces party Ice damage taken by X%, increases party damage dealt to Shiva by 10% and reduces Ice party damage taken from Shiva by 10%, increases party damage dealt to White Odin by 30% and reduces White Odin's current element damage party damage taken from White Odin by 30%","","","","","","","","","","","","","","","","","","","","","","","","","","","","","","","","","","","","","","","","","","","","","","","","","","",""
"","","","","* Majestic Blessing (lv X): Increases party Wind Damage dealt by X%, reduces party Wind damage taken by X%, increases party damage dealt to Valefor by 10% and reduces Wind party damage taken from Valefor by 10%, increases party damage dealt to White Odin by 30% and reduces White Odin's current element damage party damage taken from White Odin by 30%","","","","","","","","","","","","","","","","","","","","","","","","","","","","","","","","","","","","","","","","","","","","","","","","","","",""
"","","","","* Sanctified Blessing (lv X): Increases party Holy Damage dealt by X%, reduces party Holy damage taken by X%, increases party damage dealt to Alexander by 10% and reduces Holy party damage taken from Alexander by 10%, increases party damage dealt to White Odin by 30% and reduces White Odin's current element damage party damage taken from White Odin by 30%","","","","","","","","","","","","","","","","","","","","","","","","","","","","","","","","","","","","","","","","","","","","","","","","","","",""
"","","","","* Gloomshade Blessing (lv X): Increases party Dark Damage dealt by X%, reduces party Dark damage taken by X%, increases party damage dealt to Diablos by 10% and reduces Dark party damage taken from Diablos by 10%, increases party damage dealt to White Odin by 30% and reduces White Odin's current element damage party damage taken from White Odin by 30%","","","","","","","","","","","","","","","","","","","","","","","","","","","","","","","","","","","","","","","","","","","","","","","","","","",""
"","","","","* Poison Blessing (lv X): Increases party Poison Damage dealt by X%, reduces party Poison damage taken by X%, increases party damage dealt to White Odin by 30% and reduces White Odin's current element damage party damage taken from White Odin by 30%","","","","","","","","","","","","","","","","","","","","","","","","","","","","","","","","","","","","","","","","","","","","","","","","","","",""
"","","","","* Argent Sage's Blessing (lv X): Increases party damage dealt to White Odin by X% and reduces White Odin's current element damage party damage taken from White Odin by X%, increases party ATK, DEF, MAG, RES and MND by X% of the respective magicites total stats (100% main, 50% sub), after modifiers","","","","","","","","","","","","","","","","","","","","","","","","","","","","","","","","","","","","","","","","","","","","","","","","","","",""
"","","","","* Lord's Seal: Element (lv X): Increases matching element damage dealt by the party by X%, reduces matching element damage taken by the party by X%, increases party damage dealt to White Odin by 5% and reduces White Odin's current element damage party damage taken from White Odin by 5%","","","","","","","","","","","","","","","","","","","","","","","","","","","","","","","","","","","","","","","","","","","","","","","","","","",""
